ctime,schemaname,relname,seq_scan,seq_tup_read,idx_scan,idx_tup_fetch,n_tup_ins,n_tup_upd,n_tup_del,n_tup_hot_upd,n_live_tup,n_dead_tup,heap_blks_read,heap_blks_hit,idx_blks_read,idx_blks_hit,toast_blks_read,toast_blks_hit,tidx_blks_read,tidx_blks_hit
1416390912.31955,pg_catalog,pg_attrdef,0,0,0,0,0,0,0,0,0,0,0,0,0,0,0,0,0,0
1416390912.31955,pg_catalog,pg_db_role_setting,0,0,94560,0,0,0,0,0,0,0,0,0,282,94278,0,0,0,0
1416390912.31955,pg_catalog,pg_rowsecurity,0,0,0,0,0,0,0,0,0,0,0,0,0,0,,,,
1416390912.31955,pg_catalog,pg_description,0,0,3153,0,0,0,0,0,0,0,0,0,883,6130,0,0,0,0
1416390912.31955,pg_catalog,pg_foreign_data_wrapper,0,0,0,0,0,0,0,0,0,0,0,0,0,0,,,,
1416390912.31955,pg_catalog,pg_conversion,0,0,0,0,0,0,0,0,0,0,0,0,0,0,,,,
1416390912.31955,pg_catalog,pg_class,7225,1560002,562351,513723,1263,385,1263,374,337,76,7110,590684,5072,1176268,,,,
1416390912.31955,pg_catalog,pg_opfamily,0,0,0,0,0,0,0,0,0,0,0,0,0,0,,,,
1416390912.31955,pg_catalog,pg_auth_members,0,0,0,0,0,0,0,0,0,0,0,0,0,0,,,,
1416390912.31955,pg_catalog,pg_operator,0,0,172744,905765,0,0,0,0,0,0,4790,626497,4226,374588,,,,
1416390912.31955,pg_toast,pg_toast_12345,0,0,0,0,0,0,0,0,0,0,0,0,0,0,,,,
1416390912.31955,pg_catalog,pg_attribute,1936,13200,460885,1038482,4620,130,4620,130,2514,356,17981,511685,4209,963297,,,,
1416390912.31955,public,lineitem,13,539874468,56,56,59986052,0,0,0,59986311,0,5996715,7265659,22,338,,,,
1416390912.31955,public,part,8,12000000,26,26,2000000,0,0,0,2000000,0,79007,327741,10,108,,,,
1416390912.31955,pg_catalog,pg_tablespace,0,0,16070,16070,0,0,0,0,0,0,467,15603,971,31243,,,,
1416390912.31955,pg_catalog,pg_statistic,0,0,126799,121896,1047,2869,1050,2722,464,82,12779,117734,1470,271046,30799,123242,1358,148051
1416390912.31955,pg_catalog,pg_aggregate,0,0,12017,12017,0,0,0,0,0,0,891,11126,2026,18925,,,,
1416390912.31955,pg_catalog,pg_inherits,0,0,707,0,0,0,0,0,0,0,0,0,307,400,,,,
1416390912.31955,pg_catalog,pg_enum,0,0,0,0,0,0,0,0,0,0,0,0,0,0,,,,
1416390912.31955,pg_toast,pg_toast_2396,0,0,0,0,0,0,0,0,0,0,0,0,0,0,,,,
1416390912.31955,pg_catalog,pg_pltemplate,0,0,0,0,0,0,0,0,0,0,0,0,0,0,,,,
1416390912.31955,pg_toast,pg_toast_2618,0,0,2391,7636,0,0,0,0,0,0,1389,1541,413,3443,,,,
1416390912.31955,pg_toast,pg_toast_3596,0,0,0,0,0,0,0,0,0,0,0,0,0,0,,,,
1416390912.31955,pg_toast,pg_toast_2606,0,0,0,0,0,0,0,0,0,0,0,0,0,0,,,,
1416390912.31955,pg_toast,pg_toast_2964,0,0,0,0,0,0,0,0,0,0,0,0,0,0,,,,
1416390912.31955,pg_toast,pg_toast_12330,0,0,0,0,0,0,0,0,0,0,0,0,0,0,,,,
1416390912.31955,pg_catalog,pg_database,1739,6650,76884,76884,0,0,0,0,0,0,201,78422,1262,122851,,,,
1416390912.31955,information_schema,sql_sizing_profiles,0,0,,,0,0,0,0,0,0,0,0,,,0,0,0,0
1416390912.31955,pg_toast,pg_toast_2620,0,0,0,0,0,0,0,0,0,0,0,0,0,0,,,,
1416390912.31955,pg_catalog,pg_depend,0,0,29429,31648,5403,0,5403,0,6685,1387,5331,37899,7473,76463,,,,
1416390912.31955,pg_catalog,pg_language,0,0,0,0,0,0,0,0,0,0,0,0,0,0,,,,
1416390912.31955,public,supplier,7,400000,42,42,100000,0,0,0,100000,0,2312,15690,6,108,,,,
1416390912.31955,pg_toast,pg_toast_12320,0,0,0,0,0,0,0,0,0,0,0,0,0,0,,,,
1416390912.31955,pg_catalog,pg_amproc,352,704,98734,155365,0,0,0,0,0,0,485,97106,884,219590,,,,
1416390912.31955,public,time_statistics,1,1,,,3,1,0,1,3,1,2,3,,,,,,
1416390912.31955,pg_catalog,pg_collation,0,0,0,0,0,0,0,0,0,0,0,0,0,0,,,,
1416390912.31955,pg_catalog,pg_range,0,0,5390,0,0,0,0,0,0,0,0,0,2154,8626,,,,
1416390912.31955,pg_toast,pg_toast_2609,0,0,0,0,0,0,0,0,0,0,0,0,0,0,,,,
1416390912.31955,pg_catalog,pg_opclass,352,352,136036,1532484,0,0,0,0,0,0,1055,607653,2166,166446,,,,
1416390912.31955,information_schema,sql_packages,0,0,,,0,0,0,0,0,0,0,0,,,0,0,0,0
1416390912.31955,pg_catalog,pg_rewrite,0,0,5627,4472,385,0,385,0,110,55,2781,4934,1289,8309,1389,1541,826,6886
1416390912.31955,pg_toast,pg_toast_1255,0,0,0,0,0,0,0,0,0,0,0,0,0,0,,,,
1416390912.31955,pg_catalog,pg_seclabel,0,0,3153,0,0,0,0,0,0,0,0,0,288,2865,0,0,0,0
1416390912.31955,pg_toast,pg_toast_12335,0,0,0,0,0,0,0,0,0,0,0,0,0,0,,,,
1416390912.31955,pg_catalog,pg_ts_parser,0,0,0,0,0,0,0,0,0,0,0,0,0,0,,,,
1416390912.31955,pg_catalog,pg_trigger,0,0,0,0,0,0,0,0,0,0,0,0,0,0,0,0,0,0
1416390912.31955,pg_toast,pg_toast_12340,0,0,0,0,0,0,0,0,0,0,0,0,0,0,,,,
1416390912.31955,pg_catalog,pg_shseclabel,0,0,0,0,0,0,0,0,0,0,0,0,0,0,,,,
1416390912.31955,pg_catalog,pg_event_trigger,0,0,1201,0,0,0,0,0,0,0,0,0,328,873,,,,
1416390912.31955,information_schema,sql_features,0,0,,,0,0,0,0,0,0,0,0,,,0,0,0,0
1416390912.31955,information_schema,sql_languages,0,0,,,0,0,0,0,0,0,0,0,,,0,0,0,0
1416390912.31955,public,partsupp,5,24000000,42,42,8000000,0,0,0,8000000,0,340611,954551,12,124,,,,
1416390912.31955,pg_catalog,pg_foreign_table,0,0,0,0,0,0,0,0,0,0,0,0,0,0,,,,
1416390912.31955,pg_catalog,pg_extension,0,0,0,0,0,0,0,0,0,0,0,0,0,0,,,,
1416390912.31955,public,customer,10,9000000,28,28,1500000,0,0,0,1500000,0,68533,294885,10,114,,,,
1416390912.31955,pg_catalog,pg_ts_config,0,0,0,0,0,0,0,0,0,0,0,0,0,0,,,,
1416390912.31955,pg_catalog,pg_shdescription,0,0,0,0,0,0,0,0,0,0,0,0,0,0,0,0,0,0
1416390912.31955,pg_catalog,pg_cast,0,0,754997,179286,0,0,0,0,0,0,1011,178275,621,776052,,,,
1416390912.31955,pg_catalog,pg_amop,0,0,202340,294463,0,0,0,0,0,0,1484,292979,3282,428051,,,,
1416390912.31955,pg_catalog,pg_user_mapping,0,0,0,0,0,0,0,0,0,0,0,0,0,0,,,,
1416390912.31955,pg_toast,pg_toast_12315,0,0,0,0,0,0,0,0,0,0,0,0,0,0,,,,
1416390912.31955,pg_catalog,pg_type,0,0,534347,529078,1401,0,1401,0,360,39,3578,531798,5211,1098207,,,,
1416390912.31955,pg_catalog,pg_largeobject,0,0,0,0,0,0,0,0,0,0,0,0,0,0,,,,
1416390912.31955,information_schema,sql_parts,0,0,,,0,0,0,0,0,0,0,0,,,0,0,0,0
1416390912.31955,pg_catalog,pg_ts_config_map,0,0,0,0,0,0,0,0,0,0,0,0,0,0,,,,
1416390912.31955,pg_catalog,pg_largeobject_metadata,0,0,0,0,0,0,0,0,0,0,0,0,0,0,,,,
1416390912.31955,pg_catalog,pg_am,23562,23562,0,0,0,0,0,0,0,0,329,23233,0,0,,,,
1416390912.31955,public,nation,13,50,42,42,25,0,0,0,25,0,1,45,2,49,,,,
1416390912.31955,pg_catalog,pg_ts_template,0,0,0,0,0,0,0,0,0,0,0,0,0,0,,,,
1416390912.31955,pg_catalog,pg_foreign_server,0,0,0,0,0,0,0,0,0,0,0,0,0,0,,,,
1416390912.31955,pg_catalog,pg_namespace,1002,85100,128094,105756,2,0,0,0,2,0,532,107231,1526,150664,,,,
1416390912.31955,pg_toast,pg_toast_2619,0,0,93472,312804,3902,0,3664,0,261,16,30799,123242,1358,148051,,,,
1416390912.31955,public,orders,10,60000000,30,30,15000000,0,0,0,15000000,0,504554,1558810,8,118,,,,
1416390912.31955,pg_catalog,pg_authid,565,565,44979,44979,0,0,0,0,0,0,282,45262,1298,88660,,,,
1416390912.31955,pg_catalog,pg_default_acl,0,0,2828,0,0,0,0,0,0,0,0,0,296,2532,,,,
1416390912.31955,public,region,6,10,8,8,5,0,0,0,5,0,1,11,2,9,,,,
1416390912.31955,pg_catalog,pg_shdepend,0,0,3862,709,0,0,0,0,0,0,328,381,1251,4025,,,,
1416390912.31955,pg_catalog,pg_constraint,0,0,208,104,104,0,104,0,10,8,57,589,104,1048,0,0,0,0
1416390912.31955,information_schema,sql_implementation_info,0,0,,,0,0,0,0,0,0,0,0,,,0,0,0,0
1416390912.31955,pg_catalog,pg_index,3523,322582,251580,357658,556,0,556,0,143,0,3079,362174,1683,287902,,,,
1416390912.31955,pg_catalog,pg_ts_dict,0,0,0,0,0,0,0,0,0,0,0,0,0,0,,,,
1416390912.31955,pg_toast,pg_toast_2604,0,0,0,0,0,0,0,0,0,0,0,0,0,0,,,,
1416390912.31955,pg_toast,pg_toast_12325,0,0,0,0,0,0,0,0,0,0,0,0,0,0,,,,
1416390912.31955,information_schema,sql_sizing,0,0,,,0,0,0,0,0,0,0,0,,,0,0,0,0
1416390912.31955,pg_catalog,pg_proc,0,0,199727,295810,0,0,0,0,0,0,17207,198840,8308,433859,0,0,0,0
1416390972.32361,pg_catalog,pg_attrdef,0,0,0,0,0,0,0,0,0,0,0,0,0,0,0,0,0,0
1416390972.32361,pg_catalog,pg_db_role_setting,0,0,94660,0,0,0,0,0,0,0,0,0,283,94377,0,0,0,0
1416390972.32361,pg_catalog,pg_rowsecurity,0,0,0,0,0,0,0,0,0,0,0,0,0,0,,,,
1416390972.32361,pg_catalog,pg_description,0,0,3153,0,0,0,0,0,0,0,0,0,883,6130,0,0,0,0
1416390972.32361,pg_catalog,pg_foreign_data_wrapper,0,0,0,0,0,0,0,0,0,0,0,0,0,0,,,,
1416390972.32361,pg_catalog,pg_conversion,0,0,0,0,0,0,0,0,0,0,0,0,0,0,,,,
1416390972.32361,pg_catalog,pg_class,7235,1563052,562824,514181,1263,385,1263,374,337,76,7111,591272,5073,1177248,,,,
1416390972.32361,pg_catalog,pg_opfamily,0,0,0,0,0,0,0,0,0,0,0,0,0,0,,,,
1416390972.32361,pg_catalog,pg_auth_members,0,0,0,0,0,0,0,0,0,0,0,0,0,0,,,,
1416390972.32361,pg_catalog,pg_operator,0,0,172808,906081,0,0,0,0,0,0,4802,626702,4228,374733,,,,
1416390972.32361,pg_toast,pg_toast_12345,0,0,0,0,0,0,0,0,0,0,0,0,0,0,,,,
1416390972.32361,pg_catalog,pg_attribute,1936,13200,461197,1039065,4620,130,4620,130,2514,356,18000,511995,4211,963937,,,,
1416390972.32361,public,lineitem,13,539874468,59,698330,60045669,0,0,0,60045928,0,6387807,7268350,109717,1305739,,,,
1416390972.32361,public,part,9,14000000,33,2000032,2000000,0,0,0,2000000,0,119529,369021,5483,130,,,,
1416390972.32361,pg_catalog,pg_tablespace,0,0,16082,16082,0,0,0,0,0,0,468,15614,974,31266,,,,
1416390972.32361,pg_catalog,pg_statistic,0,0,126861,121943,1047,2869,1050,2722,464,82,12787,117773,1471,271179,30824,123259,1358,148106
1416390972.32361,pg_catalog,pg_aggregate,0,0,12020,12020,0,0,0,0,0,0,892,11128,2028,18929,,,,
1416390972.32361,pg_catalog,pg_inherits,0,0,707,0,0,0,0,0,0,0,0,0,307,400,,,,
1416390972.32361,pg_catalog,pg_enum,0,0,0,0,0,0,0,0,0,0,0,0,0,0,,,,
1416390972.32361,pg_toast,pg_toast_2396,0,0,0,0,0,0,0,0,0,0,0,0,0,0,,,,
1416390972.32361,pg_catalog,pg_pltemplate,0,0,0,0,0,0,0,0,0,0,0,0,0,0,,,,
1416390972.32361,pg_toast,pg_toast_2618,0,0,2396,7652,0,0,0,0,0,0,1394,1542,413,3451,,,,
1416390972.32361,pg_toast,pg_toast_3596,0,0,0,0,0,0,0,0,0,0,0,0,0,0,,,,
1416390972.32361,pg_toast,pg_toast_2606,0,0,0,0,0,0,0,0,0,0,0,0,0,0,,,,
1416390972.32361,pg_toast,pg_toast_2964,0,0,0,0,0,0,0,0,0,0,0,0,0,0,,,,
1416390972.32361,pg_toast,pg_toast_12330,0,0,0,0,0,0,0,0,0,0,0,0,0,0,,,,
1416390972.32361,pg_catalog,pg_database,1743,6660,76963,76963,0,0,0,0,0,0,201,78505,1266,122975,,,,
1416390972.32361,information_schema,sql_sizing_profiles,0,0,,,0,0,0,0,0,0,0,0,,,0,0,0,0
1416390972.32361,pg_toast,pg_toast_2620,0,0,0,0,0,0,0,0,0,0,0,0,0,0,,,,
1416390972.32361,pg_catalog,pg_depend,0,0,29429,31648,5403,0,5403,0,6685,1387,5331,37899,7473,76463,,,,
1416390972.32361,pg_catalog,pg_language,0,0,0,0,0,0,0,0,0,0,0,0,0,0,,,,
1416390972.32361,public,supplier,9,500000,25806,25806,100000,0,0,0,100000,0,4491,41454,284,51483,,,,
1416390972.32361,pg_toast,pg_toast_12320,0,0,0,0,0,0,0,0,0,0,0,0,0,0,,,,
1416390972.32361,pg_catalog,pg_amproc,352,704,98781,155440,0,0,0,0,0,0,485,97152,884,219700,,,,
1416390972.32361,public,time_statistics,4,13,,,6,4,0,4,6,4,2,12,,,,,,
1416390972.32361,pg_catalog,pg_collation,0,0,0,0,0,0,0,0,0,0,0,0,0,0,,,,
1416390972.32361,pg_catalog,pg_range,0,0,5393,0,0,0,0,0,0,0,0,0,2156,8630,,,,
1416390972.32361,pg_toast,pg_toast_2609,0,0,0,0,0,0,0,0,0,0,0,0,0,0,,,,
1416390972.32361,pg_catalog,pg_opclass,352,352,136088,1532946,0,0,0,0,0,0,1055,607841,2166,166518,,,,
1416390972.32361,information_schema,sql_packages,0,0,,,0,0,0,0,0,0,0,0,,,0,0,0,0
1416390972.32361,pg_catalog,pg_rewrite,0,0,5634,4479,385,0,385,0,110,55,2785,4937,1289,8321,1394,1542,826,6902
1416390972.32361,pg_toast,pg_toast_1255,0,0,0,0,0,0,0,0,0,0,0,0,0,0,,,,
1416390972.32361,pg_catalog,pg_seclabel,0,0,3153,0,0,0,0,0,0,0,0,0,288,2865,0,0,0,0
1416390972.32361,pg_toast,pg_toast_12335,0,0,0,0,0,0,0,0,0,0,0,0,0,0,,,,
1416390972.32361,pg_catalog,pg_ts_parser,0,0,0,0,0,0,0,0,0,0,0,0,0,0,,,,
1416390972.32361,pg_catalog,pg_trigger,0,0,0,0,0,0,0,0,0,0,0,0,0,0,0,0,0,0
1416390972.32361,pg_toast,pg_toast_12340,0,0,0,0,0,0,0,0,0,0,0,0,0,0,,,,
1416390972.32361,pg_catalog,pg_shseclabel,0,0,0,0,0,0,0,0,0,0,0,0,0,0,,,,
1416390972.32361,pg_catalog,pg_event_trigger,0,0,1201,0,0,0,0,0,0,0,0,0,328,873,,,,
1416390972.32361,information_schema,sql_features,0,0,,,0,0,0,0,0,0,0,0,,,0,0,0,0
1416390972.32361,information_schema,sql_languages,0,0,,,0,0,0,0,0,0,0,0,,,0,0,0,0
1416390972.32361,public,partsupp,5,24000000,26535,1629170,8000000,0,0,0,8000000,0,511563,2394132,19991,64333,,,,
1416390972.32361,pg_catalog,pg_foreign_table,0,0,0,0,0,0,0,0,0,0,0,0,0,0,,,,
1416390972.32361,pg_catalog,pg_extension,0,0,0,0,0,0,0,0,0,0,0,0,0,0,,,,
1416390972.32361,public,customer,10,9000000,28,28,1500000,0,0,0,1500000,0,68533,294885,10,114,,,,
1416390972.32361,pg_catalog,pg_ts_config,0,0,0,0,0,0,0,0,0,0,0,0,0,0,,,,
1416390972.32361,pg_catalog,pg_shdescription,0,0,0,0,0,0,0,0,0,0,0,0,0,0,0,0,0,0
1416390972.32361,pg_catalog,pg_cast,0,0,755290,179371,0,0,0,0,0,0,1011,178360,621,776358,,,,
1416390972.32361,pg_catalog,pg_amop,0,0,202419,294580,0,0,0,0,0,0,1486,293094,3282,428224,,,,
1416390972.32361,pg_catalog,pg_user_mapping,0,0,0,0,0,0,0,0,0,0,0,0,0,0,,,,
1416390972.32361,pg_toast,pg_toast_12315,0,0,0,0,0,0,0,0,0,0,0,0,0,0,,,,
1416390972.32361,pg_catalog,pg_type,0,0,534631,529362,1401,0,1401,0,360,39,3579,532081,5211,1098790,,,,
1416390972.32361,pg_catalog,pg_largeobject,0,0,0,0,0,0,0,0,0,0,0,0,0,0,,,,
1416390972.32361,information_schema,sql_parts,0,0,,,0,0,0,0,0,0,0,0,,,0,0,0,0
1416390972.32361,pg_catalog,pg_ts_config_map,0,0,0,0,0,0,0,0,0,0,0,0,0,0,,,,
1416390972.32361,pg_catalog,pg_largeobject_metadata,0,0,0,0,0,0,0,0,0,0,0,0,0,0,,,,
1416390972.32361,pg_catalog,pg_am,23578,23578,0,0,0,0,0,0,0,0,329,23249,0,0,,,,
1416390972.32361,public,nation,14,75,25806,25806,25,0,0,0,25,0,2,25809,4,25812,,,,
1416390972.32361,pg_catalog,pg_ts_template,0,0,0,0,0,0,0,0,0,0,0,0,0,0,,,,
1416390972.32361,pg_catalog,pg_foreign_server,0,0,0,0,0,0,0,0,0,0,0,0,0,0,,,,
1416390972.32361,pg_catalog,pg_namespace,1004,85272,128277,105925,2,0,0,0,2,0,532,107404,1527,150862,,,,
1416390972.32361,pg_toast,pg_toast_2619,0,0,93497,312900,3902,0,3664,0,261,16,30824,123259,1358,148106,,,,
1416390972.32361,public,orders,10,60000000,30,30,15015000,0,0,0,15015000,0,504810,1559367,2828,132793,,,,
1416390972.32361,pg_catalog,pg_authid,568,568,45025,45025,0,0,0,0,0,0,283,45310,1302,88748,,,,
1416390972.32361,pg_catalog,pg_default_acl,0,0,2828,0,0,0,0,0,0,0,0,0,296,2532,,,,
1416390972.32361,public,region,6447,32210,12,12,5,0,0,0,5,0,2,6454,4,12,,,,
1416390972.32361,pg_catalog,pg_shdepend,0,0,3862,709,0,0,0,0,0,0,328,381,1251,4025,,,,
1416390972.32361,pg_catalog,pg_constraint,0,0,208,104,104,0,104,0,10,8,57,589,104,1048,0,0,0,0
1416390972.32361,information_schema,sql_implementation_info,0,0,,,0,0,0,0,0,0,0,0,,,0,0,0,0
1416390972.32361,pg_catalog,pg_index,3528,323297,251686,357804,556,0,556,0,143,0,3079,362342,1683,288032,,,,
1416390972.32361,pg_catalog,pg_ts_dict,0,0,0,0,0,0,0,0,0,0,0,0,0,0,,,,
1416390972.32361,pg_toast,pg_toast_2604,0,0,0,0,0,0,0,0,0,0,0,0,0,0,,,,
1416390972.32361,pg_toast,pg_toast_12325,0,0,0,0,0,0,0,0,0,0,0,0,0,0,,,,
1416390972.32361,information_schema,sql_sizing,0,0,,,0,0,0,0,0,0,0,0,,,0,0,0,0
1416390972.32361,pg_catalog,pg_proc,0,0,199855,296000,0,0,0,0,0,0,17224,198973,8313,434137,0,0,0,0
1416391032.32517,pg_catalog,pg_attrdef,0,0,0,0,0,0,0,0,0,0,0,0,0,0,0,0,0,0
1416391032.32517,pg_catalog,pg_db_role_setting,0,0,94688,0,0,0,0,0,0,0,0,0,283,94405,0,0,0,0
1416391032.32517,pg_catalog,pg_rowsecurity,0,0,0,0,0,0,0,0,0,0,0,0,0,0,,,,
1416391032.32517,pg_catalog,pg_description,0,0,3153,0,0,0,0,0,0,0,0,0,883,6130,0,0,0,0
1416391032.32517,pg_catalog,pg_foreign_data_wrapper,0,0,0,0,0,0,0,0,0,0,0,0,0,0,,,,
1416391032.32517,pg_catalog,pg_conversion,0,0,0,0,0,0,0,0,0,0,0,0,0,0,,,,
1416391032.32517,pg_catalog,pg_class,7245,1566102,563174,514531,1263,385,1263,374,337,76,7114,591750,5076,1177961,,,,
1416391032.32517,pg_catalog,pg_opfamily,0,0,0,0,0,0,0,0,0,0,0,0,0,0,,,,
1416391032.32517,pg_catalog,pg_auth_members,0,0,0,0,0,0,0,0,0,0,0,0,0,0,,,,
1416391032.32517,pg_catalog,pg_operator,0,0,172825,906098,0,0,0,0,0,0,4802,626719,4228,374775,,,,
1416391032.32517,pg_toast,pg_toast_12345,0,0,0,0,0,0,0,0,0,0,0,0,0,0,,,,
1416391032.32517,pg_catalog,pg_attribute,1936,13200,461403,1039403,4620,130,4620,130,2514,356,18003,512205,4214,964354,,,,
1416391032.32517,public,lineitem,13,539874468,59,698330,60045669,0,0,0,60045928,0,6387807,7268350,109717,1305739,,,,
1416391032.32517,public,part,9,14000000,33,2000032,2000000,0,0,0,2000000,0,119529,369021,5483,130,,,,
1416391032.32517,pg_catalog,pg_tablespace,0,0,16087,16087,0,0,0,0,0,0,468,15619,974,31276,,,,
1416391032.32517,pg_catalog,pg_statistic,0,0,126886,121962,1047,2869,1050,2722,464,82,12790,117789,1471,271234,30824,123262,1358,148115
1416391032.32517,pg_catalog,pg_aggregate,0,0,12021,12021,0,0,0,0,0,0,892,11129,2028,18931,,,,
1416391032.32517,pg_catalog,pg_inherits,0,0,707,0,0,0,0,0,0,0,0,0,307,400,,,,
1416391032.32517,pg_catalog,pg_enum,0,0,0,0,0,0,0,0,0,0,0,0,0,0,,,,
1416391032.32517,pg_toast,pg_toast_2396,0,0,0,0,0,0,0,0,0,0,0,0,0,0,,,,
1416391032.32517,pg_catalog,pg_pltemplate,0,0,0,0,0,0,0,0,0,0,0,0,0,0,,,,
1416391032.32517,pg_toast,pg_toast_2618,0,0,2401,7668,0,0,0,0,0,0,1399,1543,413,3459,,,,
1416391032.32517,pg_toast,pg_toast_3596,0,0,0,0,0,0,0,0,0,0,0,0,0,0,,,,
1416391032.32517,pg_toast,pg_toast_2606,0,0,0,0,0,0,0,0,0,0,0,0,0,0,,,,
1416391032.32517,pg_toast,pg_toast_2964,0,0,0,0,0,0,0,0,0,0,0,0,0,0,,,,
1416391032.32517,pg_toast,pg_toast_12330,0,0,0,0,0,0,0,0,0,0,0,0,0,0,,,,
1416391032.32517,pg_catalog,pg_database,1746,6672,76991,76991,0,0,0,0,0,0,201,78536,1266,123017,,,,
1416391032.32517,information_schema,sql_sizing_profiles,0,0,,,0,0,0,0,0,0,0,0,,,0,0,0,0
1416391032.32517,pg_toast,pg_toast_2620,0,0,0,0,0,0,0,0,0,0,0,0,0,0,,,,
1416391032.32517,pg_catalog,pg_depend,0,0,29429,31648,5403,0,5403,0,6685,1387,5331,37899,7473,76463,,,,
1416391032.32517,pg_catalog,pg_language,0,0,0,0,0,0,0,0,0,0,0,0,0,0,,,,
1416391032.32517,public,supplier,9,500000,25806,25806,100000,0,0,0,100000,0,4491,41454,284,51483,,,,
1416391032.32517,pg_toast,pg_toast_12320,0,0,0,0,0,0,0,0,0,0,0,0,0,0,,,,
1416391032.32517,pg_catalog,pg_amproc,352,704,98798,155467,0,0,0,0,0,0,486,97168,887,219737,,,,
1416391032.32517,public,time_statistics,4,13,,,6,4,0,4,6,4,2,12,,,,,,
1416391032.32517,pg_catalog,pg_collation,0,0,0,0,0,0,0,0,0,0,0,0,0,0,,,,
1416391032.32517,pg_catalog,pg_range,0,0,5393,0,0,0,0,0,0,0,0,0,2156,8630,,,,
1416391032.32517,pg_toast,pg_toast_2609,0,0,0,0,0,0,0,0,0,0,0,0,0,0,,,,
1416391032.32517,pg_catalog,pg_opclass,352,352,136106,1533131,0,0,0,0,0,0,1056,607910,2168,166543,,,,
1416391032.32517,information_schema,sql_packages,0,0,,,0,0,0,0,0,0,0,0,,,0,0,0,0
1416391032.32517,pg_catalog,pg_rewrite,0,0,5641,4486,385,0,385,0,110,55,2789,4940,1289,8333,1399,1543,826,6918
1416391032.32517,pg_toast,pg_toast_1255,0,0,0,0,0,0,0,0,0,0,0,0,0,0,,,,
1416391032.32517,pg_catalog,pg_seclabel,0,0,3153,0,0,0,0,0,0,0,0,0,288,2865,0,0,0,0
1416391032.32517,pg_toast,pg_toast_12335,0,0,0,0,0,0,0,0,0,0,0,0,0,0,,,,
1416391032.32517,pg_catalog,pg_ts_parser,0,0,0,0,0,0,0,0,0,0,0,0,0,0,,,,
1416391032.32517,pg_catalog,pg_trigger,0,0,0,0,0,0,0,0,0,0,0,0,0,0,0,0,0,0
1416391032.32517,pg_toast,pg_toast_12340,0,0,0,0,0,0,0,0,0,0,0,0,0,0,,,,
1416391032.32517,pg_catalog,pg_shseclabel,0,0,0,0,0,0,0,0,0,0,0,0,0,0,,,,
1416391032.32517,pg_catalog,pg_event_trigger,0,0,1201,0,0,0,0,0,0,0,0,0,328,873,,,,
1416391032.32517,information_schema,sql_features,0,0,,,0,0,0,0,0,0,0,0,,,0,0,0,0
1416391032.32517,information_schema,sql_languages,0,0,,,0,0,0,0,0,0,0,0,,,0,0,0,0
1416391032.32517,public,partsupp,5,24000000,26535,1629170,8000000,0,0,0,8000000,0,511563,2394132,19991,64333,,,,
1416391032.32517,pg_catalog,pg_foreign_table,0,0,0,0,0,0,0,0,0,0,0,0,0,0,,,,
1416391032.32517,pg_catalog,pg_extension,0,0,0,0,0,0,0,0,0,0,0,0,0,0,,,,
1416391032.32517,public,customer,10,9000000,28,28,1500000,0,0,0,1500000,0,68533,294885,10,114,,,,
1416391032.32517,pg_catalog,pg_ts_config,0,0,0,0,0,0,0,0,0,0,0,0,0,0,,,,
1416391032.32517,pg_catalog,pg_shdescription,0,0,0,0,0,0,0,0,0,0,0,0,0,0,0,0,0,0
1416391032.32517,pg_catalog,pg_cast,0,0,755359,179399,0,0,0,0,0,0,1011,178388,621,776432,,,,
1416391032.32517,pg_catalog,pg_amop,0,0,202452,294621,0,0,0,0,0,0,1486,293135,3282,428298,,,,
1416391032.32517,pg_catalog,pg_user_mapping,0,0,0,0,0,0,0,0,0,0,0,0,0,0,,,,
1416391032.32517,pg_toast,pg_toast_12315,0,0,0,0,0,0,0,0,0,0,0,0,0,0,,,,
1416391032.32517,pg_catalog,pg_type,0,0,534723,529454,1401,0,1401,0,360,39,3579,532173,5211,1098979,,,,
1416391032.32517,pg_catalog,pg_largeobject,0,0,0,0,0,0,0,0,0,0,0,0,0,0,,,,
1416391032.32517,information_schema,sql_parts,0,0,,,0,0,0,0,0,0,0,0,,,0,0,0,0
1416391032.32517,pg_catalog,pg_ts_config_map,0,0,0,0,0,0,0,0,0,0,0,0,0,0,,,,
1416391032.32517,pg_catalog,pg_largeobject_metadata,0,0,0,0,0,0,0,0,0,0,0,0,0,0,,,,
1416391032.32517,pg_catalog,pg_am,23584,23584,0,0,0,0,0,0,0,0,330,23254,0,0,,,,
1416391032.32517,public,nation,14,75,25806,25806,25,0,0,0,25,0,2,25809,4,25812,,,,
1416391032.32517,pg_catalog,pg_ts_template,0,0,0,0,0,0,0,0,0,0,0,0,0,0,,,,
1416391032.32517,pg_catalog,pg_foreign_server,0,0,0,0,0,0,0,0,0,0,0,0,0,0,,,,
1416391032.32517,pg_catalog,pg_namespace,1006,85444,128435,106078,2,0,0,0,2,0,532,107561,1527,151027,,,,
1416391032.32517,pg_toast,pg_toast_2619,0,0,93500,312906,3902,0,3664,0,261,16,30824,123262,1358,148115,,,,
1416391032.32517,public,orders,10,60000000,30,30,15015000,0,0,0,15015000,0,504810,1559367,2828,132793,,,,
1416391032.32517,pg_catalog,pg_authid,569,569,45035,45035,0,0,0,0,0,0,283,45321,1302,88768,,,,
1416391032.32517,pg_catalog,pg_default_acl,0,0,2828,0,0,0,0,0,0,0,0,0,296,2532,,,,
1416391032.32517,public,region,6447,32210,12,12,5,0,0,0,5,0,2,6454,4,12,,,,
1416391032.32517,pg_catalog,pg_shdepend,0,0,3862,709,0,0,0,0,0,0,328,381,1251,4025,,,,
1416391032.32517,pg_catalog,pg_constraint,0,0,208,104,104,0,104,0,10,8,57,589,104,1048,0,0,0,0
1416391032.32517,information_schema,sql_implementation_info,0,0,,,0,0,0,0,0,0,0,0,,,0,0,0,0
1416391032.32517,pg_catalog,pg_index,3533,324012,251730,357861,556,0,556,0,143,0,3080,362420,1685,288085,,,,
1416391032.32517,pg_catalog,pg_ts_dict,0,0,0,0,0,0,0,0,0,0,0,0,0,0,,,,
1416391032.32517,pg_toast,pg_toast_2604,0,0,0,0,0,0,0,0,0,0,0,0,0,0,,,,
1416391032.32517,pg_toast,pg_toast_12325,0,0,0,0,0,0,0,0,0,0,0,0,0,0,,,,
1416391032.32517,information_schema,sql_sizing,0,0,,,0,0,0,0,0,0,0,0,,,0,0,0,0
1416391032.32517,pg_catalog,pg_proc,0,0,199933,296113,0,0,0,0,0,0,17227,199068,8313,434303,0,0,0,0
1416391092.32798,pg_catalog,pg_attrdef,0,0,0,0,0,0,0,0,0,0,0,0,0,0,0,0,0,0
1416391092.32798,pg_catalog,pg_db_role_setting,0,0,94764,0,0,0,0,0,0,0,0,0,284,94480,0,0,0,0
1416391092.32798,pg_catalog,pg_rowsecurity,0,0,0,0,0,0,0,0,0,0,0,0,0,0,,,,
1416391092.32798,pg_catalog,pg_description,0,0,3153,0,0,0,0,0,0,0,0,0,883,6130,0,0,0,0
1416391092.32798,pg_catalog,pg_foreign_data_wrapper,0,0,0,0,0,0,0,0,0,0,0,0,0,0,,,,
1416391092.32798,pg_catalog,pg_conversion,0,0,0,0,0,0,0,0,0,0,0,0,0,0,,,,
1416391092.32798,pg_catalog,pg_class,7255,1569152,563710,515045,1263,385,1263,374,337,76,7126,592383,5085,1179064,,,,
1416391092.32798,pg_catalog,pg_opfamily,0,0,0,0,0,0,0,0,0,0,0,0,0,0,,,,
1416391092.32798,pg_catalog,pg_auth_members,0,0,0,0,0,0,0,0,0,0,0,0,0,0,,,,
1416391092.32798,pg_catalog,pg_operator,0,0,172932,906782,0,0,0,0,0,0,4816,627183,4237,375006,,,,
1416391092.32798,pg_toast,pg_toast_12345,0,0,0,0,0,0,0,0,0,0,0,0,0,0,,,,
1416391092.32798,pg_catalog,pg_attribute,1936,13200,461775,1040128,4620,130,4620,130,2514,356,18036,512563,4220,965112,,,,
1416391092.32798,public,lineitem,13,539874468,525054,25513115,60045669,0,0,0,60045928,0,8289596,22077231,263976,3356054,,,,
1416391092.32798,public,part,10,16000000,47,2023838,2000000,0,0,0,2000000,0,138564,409551,5669,161,,,,
1416391092.32798,pg_catalog,pg_tablespace,0,0,16100,16100,0,0,0,0,0,0,469,15631,976,31300,,,,
1416391092.32798,pg_catalog,pg_statistic,0,0,126973,122031,1047,2869,1050,2722,464,82,12805,117843,1476,271416,30854,123307,1361,148221
1416391092.32798,pg_catalog,pg_aggregate,0,0,12027,12027,0,0,0,0,0,0,894,11133,2032,18938,,,,
1416391092.32798,pg_catalog,pg_inherits,0,0,707,0,0,0,0,0,0,0,0,0,307,400,,,,
1416391092.32798,pg_catalog,pg_enum,0,0,0,0,0,0,0,0,0,0,0,0,0,0,,,,
1416391092.32798,pg_toast,pg_toast_2396,0,0,0,0,0,0,0,0,0,0,0,0,0,0,,,,
1416391092.32798,pg_catalog,pg_pltemplate,0,0,0,0,0,0,0,0,0,0,0,0,0,0,,,,
1416391092.32798,pg_toast,pg_toast_2618,0,0,2406,7684,0,0,0,0,0,0,1404,1544,415,3465,,,,
1416391092.32798,pg_toast,pg_toast_3596,0,0,0,0,0,0,0,0,0,0,0,0,0,0,,,,
1416391092.32798,pg_toast,pg_toast_2606,0,0,0,0,0,0,0,0,0,0,0,0,0,0,,,,
1416391092.32798,pg_toast,pg_toast_2964,0,0,0,0,0,0,0,0,0,0,0,0,0,0,,,,
1416391092.32798,pg_toast,pg_toast_12330,0,0,0,0,0,0,0,0,0,0,0,0,0,0,,,,
1416391092.32798,pg_catalog,pg_database,1749,6684,77056,77056,0,0,0,0,0,0,201,78604,1270,123116,,,,
1416391092.32798,information_schema,sql_sizing_profiles,0,0,,,0,0,0,0,0,0,0,0,,,0,0,0,0
1416391092.32798,pg_toast,pg_toast_2620,0,0,0,0,0,0,0,0,0,0,0,0,0,0,,,,
1416391092.32798,pg_catalog,pg_depend,0,0,29429,31648,5403,0,5403,0,6685,1387,5331,37899,7473,76463,,,,
1416391092.32798,pg_catalog,pg_language,0,0,0,0,0,0,0,0,0,0,0,0,0,0,,,,
1416391092.32798,public,supplier,9,500000,3282419,3286439,100000,0,0,0,100000,0,4491,3299914,300,6581611,,,,
1416391092.32798,pg_toast,pg_toast_12320,0,0,0,0,0,0,0,0,0,0,0,0,0,0,,,,
1416391092.32798,pg_catalog,pg_amproc,352,704,98856,155560,0,0,0,0,0,0,486,97224,887,219871,,,,
1416391092.32798,public,time_statistics,8,43,,,10,8,0,8,10,8,3,23,,,,,,
1416391092.32798,pg_catalog,pg_collation,0,0,0,0,0,0,0,0,0,0,0,0,0,0,,,,
1416391092.32798,pg_catalog,pg_range,0,0,5397,0,0,0,0,0,0,0,0,0,2162,8632,,,,
1416391092.32798,pg_toast,pg_toast_2609,0,0,0,0,0,0,0,0,0,0,0,0,0,0,,,,
1416391092.32798,pg_catalog,pg_opclass,352,352,136167,1533602,0,0,0,0,0,0,1058,608105,2170,166625,,,,
1416391092.32798,information_schema,sql_packages,0,0,,,0,0,0,0,0,0,0,0,,,0,0,0,0
1416391092.32798,pg_catalog,pg_rewrite,0,0,5648,4493,385,0,385,0,110,55,2794,4942,1291,8343,1404,1544,830,6930
1416391092.32798,pg_toast,pg_toast_1255,0,0,0,0,0,0,0,0,0,0,0,0,0,0,,,,
1416391092.32798,pg_catalog,pg_seclabel,0,0,3153,0,0,0,0,0,0,0,0,0,288,2865,0,0,0,0
1416391092.32798,pg_toast,pg_toast_12335,0,0,0,0,0,0,0,0,0,0,0,0,0,0,,,,
1416391092.32798,pg_catalog,pg_ts_parser,0,0,0,0,0,0,0,0,0,0,0,0,0,0,,,,
1416391092.32798,pg_catalog,pg_trigger,0,0,0,0,0,0,0,0,0,0,0,0,0,0,0,0,0,0
1416391092.32798,pg_toast,pg_toast_12340,0,0,0,0,0,0,0,0,0,0,0,0,0,0,,,,
1416391092.32798,pg_catalog,pg_shseclabel,0,0,0,0,0,0,0,0,0,0,0,0,0,0,,,,
1416391092.32798,pg_catalog,pg_event_trigger,0,0,1201,0,0,0,0,0,0,0,0,0,328,873,,,,
1416391092.32798,information_schema,sql_features,0,0,,,0,0,0,0,0,0,0,0,,,0,0,0,0
1416391092.32798,information_schema,sql_languages,0,0,,,0,0,0,0,0,0,0,0,,,0,0,0,0
1416391092.32798,public,partsupp,6,32000000,48336,1716314,8000000,0,0,0,8000000,0,639657,2461226,34084,116010,,,,
1416391092.32798,pg_catalog,pg_foreign_table,0,0,0,0,0,0,0,0,0,0,0,0,0,0,,,,
1416391092.32798,pg_catalog,pg_extension,0,0,0,0,0,0,0,0,0,0,0,0,0,0,,,,
1416391092.32798,public,customer,10,9000000,28,28,1500000,0,0,0,1500000,0,68533,294885,10,114,,,,
1416391092.32798,pg_catalog,pg_ts_config,0,0,0,0,0,0,0,0,0,0,0,0,0,0,,,,
1416391092.32798,pg_catalog,pg_shdescription,0,0,0,0,0,0,0,0,0,0,0,0,0,0,0,0,0,0
1416391092.32798,pg_catalog,pg_cast,0,0,755807,179525,0,0,0,0,0,0,1014,178511,623,776895,,,,
1416391092.32798,pg_catalog,pg_amop,0,0,202561,294781,0,0,0,0,0,0,1490,293291,3288,428530,,,,
1416391092.32798,pg_catalog,pg_user_mapping,0,0,0,0,0,0,0,0,0,0,0,0,0,0,,,,
1416391092.32798,pg_toast,pg_toast_12315,0,0,0,0,0,0,0,0,0,0,0,0,0,0,,,,
1416391092.32798,pg_catalog,pg_type,0,0,535144,529875,1401,0,1401,0,360,39,3583,532590,5219,1099833,,,,
1416391092.32798,pg_catalog,pg_largeobject,0,0,0,0,0,0,0,0,0,0,0,0,0,0,,,,
1416391092.32798,information_schema,sql_parts,0,0,,,0,0,0,0,0,0,0,0,,,0,0,0,0
1416391092.32798,pg_catalog,pg_ts_config_map,0,0,0,0,0,0,0,0,0,0,0,0,0,0,,,,
1416391092.32798,pg_catalog,pg_largeobject_metadata,0,0,0,0,0,0,0,0,0,0,0,0,0,0,,,,
1416391092.32798,pg_catalog,pg_am,23602,23602,0,0,0,0,0,0,0,0,330,23272,0,0,,,,
1416391092.32798,public,nation,16,125,25810,25810,25,0,0,0,25,0,3,25814,6,25816,,,,
1416391092.32798,pg_catalog,pg_ts_template,0,0,0,0,0,0,0,0,0,0,0,0,0,0,,,,
1416391092.32798,pg_catalog,pg_foreign_server,0,0,0,0,0,0,0,0,0,0,0,0,0,0,,,,
1416391092.32798,pg_catalog,pg_namespace,1008,85616,128628,106254,2,0,0,0,2,0,534,107739,1531,151235,,,,
1416391092.32798,pg_toast,pg_toast_2619,0,0,93551,313077,3902,0,3664,0,261,16,30854,123307,1361,148221,,,,
1416391092.32798,public,orders,10,60000000,3256634,3256634,15015000,0,0,0,15015000,0,1045322,4275459,43914,9879242,,,,
1416391092.32798,pg_catalog,pg_authid,570,570,45069,45069,0,0,0,0,0,0,284,45355,1306,88832,,,,
1416391092.32798,pg_catalog,pg_default_acl,0,0,2828,0,0,0,0,0,0,0,0,0,296,2532,,,,
1416391092.32798,public,region,6447,32210,12,12,5,0,0,0,5,0,2,6454,4,12,,,,
1416391092.32798,pg_catalog,pg_shdepend,0,0,3862,709,0,0,0,0,0,0,328,381,1251,4025,,,,
1416391092.32798,pg_catalog,pg_constraint,0,0,208,104,104,0,104,0,10,8,57,589,104,1048,0,0,0,0
1416391092.32798,information_schema,sql_implementation_info,0,0,,,0,0,0,0,0,0,0,0,,,0,0,0,0
1416391092.32798,pg_catalog,pg_index,3538,324727,251874,358066,556,0,556,0,143,0,3086,362641,1687,288254,,,,
1416391092.32798,pg_catalog,pg_ts_dict,0,0,0,0,0,0,0,0,0,0,0,0,0,0,,,,
1416391092.32798,pg_toast,pg_toast_2604,0,0,0,0,0,0,0,0,0,0,0,0,0,0,,,,
1416391092.32798,pg_toast,pg_toast_12325,0,0,0,0,0,0,0,0,0,0,0,0,0,0,,,,
1416391092.32798,information_schema,sql_sizing,0,0,,,0,0,0,0,0,0,0,0,,,0,0,0,0
1416391092.32798,pg_catalog,pg_proc,0,0,200104,296360,0,0,0,0,0,0,17250,199240,8330,434662,0,0,0,0
1416391152.33032,pg_catalog,pg_attrdef,0,0,0,0,0,0,0,0,0,0,0,0,0,0,0,0,0,0
1416391152.33032,pg_catalog,pg_db_role_setting,0,0,94816,0,0,0,0,0,0,0,0,0,284,94532,0,0,0,0
1416391152.33032,pg_catalog,pg_rowsecurity,0,0,0,0,0,0,0,0,0,0,0,0,0,0,,,,
1416391152.33032,pg_catalog,pg_description,0,0,3153,0,0,0,0,0,0,0,0,0,883,6130,0,0,0,0
1416391152.33032,pg_catalog,pg_foreign_data_wrapper,0,0,0,0,0,0,0,0,0,0,0,0,0,0,,,,
1416391152.33032,pg_catalog,pg_conversion,0,0,0,0,0,0,0,0,0,0,0,0,0,0,,,,
1416391152.33032,pg_catalog,pg_class,7265,1572202,564176,515497,1263,385,1263,374,337,76,7127,592965,5088,1180021,,,,
1416391152.33032,pg_catalog,pg_opfamily,0,0,0,0,0,0,0,0,0,0,0,0,0,0,,,,
1416391152.33032,pg_catalog,pg_auth_members,0,0,0,0,0,0,0,0,0,0,0,0,0,0,,,,
1416391152.33032,pg_catalog,pg_operator,0,0,172991,907116,0,0,0,0,0,0,4816,627412,4237,375141,,,,
1416391152.33032,pg_toast,pg_toast_12345,0,0,0,0,0,0,0,0,0,0,0,0,0,0,,,,
1416391152.33032,pg_catalog,pg_attribute,1936,13200,462084,1040706,4620,130,4620,130,2514,356,18043,512878,4220,965744,,,,
1416391152.33032,public,lineitem,15,659965806,538325,25911428,60045669,0,0,0,60045928,0,8897977,24000113,279273,3395907,,,,
1416391152.33032,public,part,10,16000000,52,2037101,2000000,0,0,0,2000000,0,149836,409565,5752,178,,,,
1416391152.33032,pg_catalog,pg_tablespace,0,0,16109,16109,0,0,0,0,0,0,469,15640,976,31318,,,,
1416391152.33032,pg_catalog,pg_statistic,0,0,127036,122082,1047,2869,1050,2722,464,82,12820,117879,1476,271551,30864,123335,1361,148284
1416391152.33032,pg_catalog,pg_aggregate,0,0,12030,12030,0,0,0,0,0,0,894,11136,2032,18944,,,,
1416391152.33032,pg_catalog,pg_inherits,0,0,707,0,0,0,0,0,0,0,0,0,307,400,,,,
1416391152.33032,pg_catalog,pg_enum,0,0,0,0,0,0,0,0,0,0,0,0,0,0,,,,
1416391152.33032,pg_toast,pg_toast_2396,0,0,0,0,0,0,0,0,0,0,0,0,0,0,,,,
1416391152.33032,pg_catalog,pg_pltemplate,0,0,0,0,0,0,0,0,0,0,0,0,0,0,,,,
1416391152.33032,pg_toast,pg_toast_2618,0,0,2411,7700,0,0,0,0,0,0,1409,1545,416,3472,,,,
1416391152.33032,pg_toast,pg_toast_3596,0,0,0,0,0,0,0,0,0,0,0,0,0,0,,,,
1416391152.33032,pg_toast,pg_toast_2606,0,0,0,0,0,0,0,0,0,0,0,0,0,0,,,,
1416391152.33032,pg_toast,pg_toast_2964,0,0,0,0,0,0,0,0,0,0,0,0,0,0,,,,
1416391152.33032,pg_toast,pg_toast_12330,0,0,0,0,0,0,0,0,0,0,0,0,0,0,,,,
1416391152.33032,pg_catalog,pg_database,1752,6696,77103,77103,0,0,0,0,0,0,201,78654,1270,123189,,,,
1416391152.33032,information_schema,sql_sizing_profiles,0,0,,,0,0,0,0,0,0,0,0,,,0,0,0,0
1416391152.33032,pg_toast,pg_toast_2620,0,0,0,0,0,0,0,0,0,0,0,0,0,0,,,,
1416391152.33032,pg_catalog,pg_depend,0,0,29429,31648,5403,0,5403,0,6685,1387,5331,37899,7473,76463,,,,
1416391152.33032,pg_catalog,pg_language,0,0,0,0,0,0,0,0,0,0,0,0,0,0,,,,
1416391152.33032,public,supplier,9,500000,3306779,3310799,100000,0,0,0,100000,0,6573,3322192,578,6630179,,,,
1416391152.33032,pg_toast,pg_toast_12320,0,0,0,0,0,0,0,0,0,0,0,0,0,0,,,,
1416391152.33032,pg_catalog,pg_amproc,352,704,98900,155628,0,0,0,0,0,0,486,97268,887,219971,,,,
1416391152.33032,public,time_statistics,10,64,,,12,10,0,10,12,10,3,29,,,,,,
1416391152.33032,pg_catalog,pg_collation,0,0,0,0,0,0,0,0,0,0,0,0,0,0,,,,
1416391152.33032,pg_catalog,pg_range,0,0,5400,0,0,0,0,0,0,0,0,0,2162,8638,,,,
1416391152.33032,pg_toast,pg_toast_2609,0,0,0,0,0,0,0,0,0,0,0,0,0,0,,,,
1416391152.33032,pg_catalog,pg_opclass,352,352,136221,1534228,0,0,0,0,0,0,1058,608351,2170,166696,,,,
1416391152.33032,information_schema,sql_packages,0,0,,,0,0,0,0,0,0,0,0,,,0,0,0,0
1416391152.33032,pg_catalog,pg_rewrite,0,0,5655,4500,385,0,385,0,110,55,2799,4944,1291,8355,1409,1545,832,6944
1416391152.33032,pg_toast,pg_toast_1255,0,0,0,0,0,0,0,0,0,0,0,0,0,0,,,,
1416391152.33032,pg_catalog,pg_seclabel,0,0,3153,0,0,0,0,0,0,0,0,0,288,2865,0,0,0,0
1416391152.33032,pg_toast,pg_toast_12335,0,0,0,0,0,0,0,0,0,0,0,0,0,0,,,,
1416391152.33032,pg_catalog,pg_ts_parser,0,0,0,0,0,0,0,0,0,0,0,0,0,0,,,,
1416391152.33032,pg_catalog,pg_trigger,0,0,0,0,0,0,0,0,0,0,0,0,0,0,0,0,0,0
1416391152.33032,pg_toast,pg_toast_12340,0,0,0,0,0,0,0,0,0,0,0,0,0,0,,,,
1416391152.33032,pg_catalog,pg_shseclabel,0,0,0,0,0,0,0,0,0,0,0,0,0,0,,,,
1416391152.33032,pg_catalog,pg_event_trigger,0,0,1201,0,0,0,0,0,0,0,0,0,328,873,,,,
1416391152.33032,information_schema,sql_features,0,0,,,0,0,0,0,0,0,0,0,,,0,0,0,0
1416391152.33032,information_schema,sql_languages,0,0,,,0,0,0,0,0,0,0,0,,,0,0,0,0
1416391152.33032,public,partsupp,6,32000000,48336,1716314,8000000,0,0,0,8000000,0,639657,2461226,34084,116010,,,,
1416391152.33032,pg_catalog,pg_foreign_table,0,0,0,0,0,0,0,0,0,0,0,0,0,0,,,,
1416391152.33032,pg_catalog,pg_extension,0,0,0,0,0,0,0,0,0,0,0,0,0,0,,,,
1416391152.33032,public,customer,11,10500000,41,299529,1500000,0,0,0,1500000,0,103811,440207,845,145,,,,
1416391152.33032,pg_catalog,pg_ts_config,0,0,0,0,0,0,0,0,0,0,0,0,0,0,,,,
1416391152.33032,pg_catalog,pg_shdescription,0,0,0,0,0,0,0,0,0,0,0,0,0,0,0,0,0,0
1416391152.33032,pg_catalog,pg_cast,0,0,756169,179604,0,0,0,0,0,0,1014,178590,623,777268,,,,
1416391152.33032,pg_catalog,pg_amop,0,0,202648,294906,0,0,0,0,0,0,1490,293416,3288,428718,,,,
1416391152.33032,pg_catalog,pg_user_mapping,0,0,0,0,0,0,0,0,0,0,0,0,0,0,,,,
1416391152.33032,pg_toast,pg_toast_12315,0,0,0,0,0,0,0,0,0,0,0,0,0,0,,,,
1416391152.33032,pg_catalog,pg_type,0,0,535424,530155,1401,0,1401,0,360,39,3583,532870,5223,1100401,,,,
1416391152.33032,pg_catalog,pg_largeobject,0,0,0,0,0,0,0,0,0,0,0,0,0,0,,,,
1416391152.33032,information_schema,sql_parts,0,0,,,0,0,0,0,0,0,0,0,,,0,0,0,0
1416391152.33032,pg_catalog,pg_ts_config_map,0,0,0,0,0,0,0,0,0,0,0,0,0,0,,,,
1416391152.33032,pg_catalog,pg_largeobject_metadata,0,0,0,0,0,0,0,0,0,0,0,0,0,0,,,,
1416391152.33032,pg_catalog,pg_am,23614,23614,0,0,0,0,0,0,0,0,330,23284,0,0,,,,
1416391152.33032,public,nation,18,175,25816,25816,25,0,0,0,25,0,4,25821,8,25821,,,,
1416391152.33032,pg_catalog,pg_ts_template,0,0,0,0,0,0,0,0,0,0,0,0,0,0,,,,
1416391152.33032,pg_catalog,pg_foreign_server,0,0,0,0,0,0,0,0,0,0,0,0,0,0,,,,
1416391152.33032,pg_catalog,pg_namespace,1010,85788,128803,106418,2,0,0,0,2,0,535,107906,1532,151422,,,,
1416391152.33032,pg_toast,pg_toast_2619,0,0,93580,313162,3902,0,3664,0,261,16,30864,123335,1361,148284,,,,
1416391152.33032,public,orders,11,75015000,3654943,3654943,15015000,0,0,0,15015000,0,1309252,4663360,85124,11035246,,,,
1416391152.33032,pg_catalog,pg_authid,571,571,45091,45091,0,0,0,0,0,0,284,45378,1306,88876,,,,
1416391152.33032,pg_catalog,pg_default_acl,0,0,2828,0,0,0,0,0,0,0,0,0,296,2532,,,,
1416391152.33032,public,region,6448,32215,14,14,5,0,0,0,5,0,3,6456,6,13,,,,
1416391152.33032,pg_catalog,pg_shdepend,0,0,3862,709,0,0,0,0,0,0,328,381,1251,4025,,,,
1416391152.33032,pg_catalog,pg_constraint,0,0,208,104,104,0,104,0,10,8,57,589,104,1048,0,0,0,0
1416391152.33032,information_schema,sql_implementation_info,0,0,,,0,0,0,0,0,0,0,0,,,0,0,0,0
1416391152.33032,pg_catalog,pg_index,3543,325442,251982,358219,556,0,556,0,143,0,3086,362816,1687,288381,,,,
1416391152.33032,pg_catalog,pg_ts_dict,0,0,0,0,0,0,0,0,0,0,0,0,0,0,,,,
1416391152.33032,pg_toast,pg_toast_2604,0,0,0,0,0,0,0,0,0,0,0,0,0,0,,,,
1416391152.33032,pg_toast,pg_toast_12325,0,0,0,0,0,0,0,0,0,0,0,0,0,0,,,,
1416391152.33032,information_schema,sql_sizing,0,0,,,0,0,0,0,0,0,0,0,,,0,0,0,0
1416391152.33032,pg_catalog,pg_proc,0,0,200232,296544,0,0,0,0,0,0,17256,199386,8330,434940,0,0,0,0
1416391212.33088,pg_catalog,pg_attrdef,0,0,0,0,0,0,0,0,0,0,0,0,0,0,0,0,0,0
1416391212.33088,pg_catalog,pg_db_role_setting,0,0,94868,0,0,0,0,0,0,0,0,0,284,94584,0,0,0,0
1416391212.33088,pg_catalog,pg_rowsecurity,0,0,0,0,0,0,0,0,0,0,0,0,0,0,,,,
1416391212.33088,pg_catalog,pg_description,0,0,3153,0,0,0,0,0,0,0,0,0,883,6130,0,0,0,0
1416391212.33088,pg_catalog,pg_foreign_data_wrapper,0,0,0,0,0,0,0,0,0,0,0,0,0,0,,,,
1416391212.33088,pg_catalog,pg_conversion,0,0,0,0,0,0,0,0,0,0,0,0,0,0,,,,
1416391212.33088,pg_catalog,pg_class,7275,1575252,564607,515918,1263,385,1263,374,337,76,7128,593516,5090,1180909,,,,
1416391212.33088,pg_catalog,pg_opfamily,0,0,0,0,0,0,0,0,0,0,0,0,0,0,,,,
1416391212.33088,pg_catalog,pg_auth_members,0,0,0,0,0,0,0,0,0,0,0,0,0,0,,,,
1416391212.33088,pg_catalog,pg_operator,0,0,173036,907283,0,0,0,0,0,0,4816,627529,4237,375247,,,,
1416391212.33088,pg_toast,pg_toast_12345,0,0,0,0,0,0,0,0,0,0,0,0,0,0,,,,
1416391212.33088,pg_catalog,pg_attribute,1936,13200,462357,1041204,4620,130,4620,130,2514,356,18049,513158,4220,966304,,,,
1416391212.33088,public,lineitem,15,659965806,1975076,65671962,60045669,0,0,0,60045928,0,9708857,25796007,546161,8984964,,,,
1416391212.33088,public,part,10,16000000,52,2037101,2000000,0,0,0,2000000,0,149836,409565,5752,178,,,,
1416391212.33088,pg_catalog,pg_tablespace,0,0,16118,16118,0,0,0,0,0,0,469,15649,976,31336,,,,
1416391212.33088,pg_catalog,pg_statistic,0,0,127086,122120,1047,2869,1050,2722,464,82,12831,117906,1476,271660,30875,123352,1361,148329
1416391212.33088,pg_catalog,pg_aggregate,0,0,12034,12034,0,0,0,0,0,0,894,11140,2032,18951,,,,
1416391212.33088,pg_catalog,pg_inherits,0,0,707,0,0,0,0,0,0,0,0,0,307,400,,,,
1416391212.33088,pg_catalog,pg_enum,0,0,0,0,0,0,0,0,0,0,0,0,0,0,,,,
1416391212.33088,pg_toast,pg_toast_2396,0,0,0,0,0,0,0,0,0,0,0,0,0,0,,,,
1416391212.33088,pg_catalog,pg_pltemplate,0,0,0,0,0,0,0,0,0,0,0,0,0,0,,,,
1416391212.33088,pg_toast,pg_toast_2618,0,0,2416,7716,0,0,0,0,0,0,1414,1546,417,3479,,,,
1416391212.33088,pg_toast,pg_toast_3596,0,0,0,0,0,0,0,0,0,0,0,0,0,0,,,,
1416391212.33088,pg_toast,pg_toast_2606,0,0,0,0,0,0,0,0,0,0,0,0,0,0,,,,
1416391212.33088,pg_toast,pg_toast_2964,0,0,0,0,0,0,0,0,0,0,0,0,0,0,,,,
1416391212.33088,pg_toast,pg_toast_12330,0,0,0,0,0,0,0,0,0,0,0,0,0,0,,,,
1416391212.33088,pg_catalog,pg_database,1755,6708,77149,77149,0,0,0,0,0,0,201,78703,1270,123261,,,,
1416391212.33088,information_schema,sql_sizing_profiles,0,0,,,0,0,0,0,0,0,0,0,,,0,0,0,0
1416391212.33088,pg_toast,pg_toast_2620,0,0,0,0,0,0,0,0,0,0,0,0,0,0,,,,
1416391212.33088,pg_catalog,pg_depend,0,0,29429,31648,5403,0,5403,0,6685,1387,5331,37899,7473,76463,,,,
1416391212.33088,pg_catalog,pg_language,0,0,0,0,0,0,0,0,0,0,0,0,0,0,,,,
1416391212.33088,public,supplier,9,500000,3306784,3314794,100000,0,0,0,100000,0,6574,3324037,591,6630190,,,,
1416391212.33088,pg_toast,pg_toast_12320,0,0,0,0,0,0,0,0,0,0,0,0,0,0,,,,
1416391212.33088,pg_catalog,pg_amproc,352,704,98941,155691,0,0,0,0,0,0,486,97308,887,220065,,,,
1416391212.33088,public,time_statistics,12,89,,,14,12,0,12,14,12,3,35,,,,,,
1416391212.33088,pg_catalog,pg_collation,0,0,0,0,0,0,0,0,0,0,0,0,0,0,,,,
1416391212.33088,pg_catalog,pg_range,0,0,5402,0,0,0,0,0,0,0,0,0,2164,8640,,,,
1416391212.33088,pg_toast,pg_toast_2609,0,0,0,0,0,0,0,0,0,0,0,0,0,0,,,,
1416391212.33088,pg_catalog,pg_opclass,352,352,136270,1534768,0,0,0,0,0,0,1058,608564,2170,166762,,,,
1416391212.33088,information_schema,sql_packages,0,0,,,0,0,0,0,0,0,0,0,,,0,0,0,0
1416391212.33088,pg_catalog,pg_rewrite,0,0,5662,4507,385,0,385,0,110,55,2804,4946,1291,8367,1414,1546,834,6958
1416391212.33088,pg_toast,pg_toast_1255,0,0,0,0,0,0,0,0,0,0,0,0,0,0,,,,
1416391212.33088,pg_catalog,pg_seclabel,0,0,3153,0,0,0,0,0,0,0,0,0,288,2865,0,0,0,0
1416391212.33088,pg_toast,pg_toast_12335,0,0,0,0,0,0,0,0,0,0,0,0,0,0,,,,
1416391212.33088,pg_catalog,pg_ts_parser,0,0,0,0,0,0,0,0,0,0,0,0,0,0,,,,
1416391212.33088,pg_catalog,pg_trigger,0,0,0,0,0,0,0,0,0,0,0,0,0,0,0,0,0,0
1416391212.33088,pg_toast,pg_toast_12340,0,0,0,0,0,0,0,0,0,0,0,0,0,0,,,,
1416391212.33088,pg_catalog,pg_shseclabel,0,0,0,0,0,0,0,0,0,0,0,0,0,0,,,,
1416391212.33088,pg_catalog,pg_event_trigger,0,0,1201,0,0,0,0,0,0,0,0,0,328,873,,,,
1416391212.33088,information_schema,sql_features,0,0,,,0,0,0,0,0,0,0,0,,,0,0,0,0
1416391212.33088,information_schema,sql_languages,0,0,,,0,0,0,0,0,0,0,0,,,0,0,0,0
1416391212.33088,public,partsupp,6,32000000,48336,1716314,8000000,0,0,0,8000000,0,639657,2461226,34084,116010,,,,
1416391212.33088,pg_catalog,pg_foreign_table,0,0,0,0,0,0,0,0,0,0,0,0,0,0,,,,
1416391212.33088,pg_catalog,pg_extension,0,0,0,0,0,0,0,0,0,0,0,0,0,0,,,,
1416391212.33088,public,customer,12,12000000,43,299531,1500000,0,0,0,1500000,0,126206,453092,854,147,,,,
1416391212.33088,pg_catalog,pg_ts_config,0,0,0,0,0,0,0,0,0,0,0,0,0,0,,,,
1416391212.33088,pg_catalog,pg_shdescription,0,0,0,0,0,0,0,0,0,0,0,0,0,0,0,0,0,0
1416391212.33088,pg_catalog,pg_cast,0,0,756392,179667,0,0,0,0,0,0,1014,178653,623,777502,,,,
1416391212.33088,pg_catalog,pg_amop,0,0,202724,295013,0,0,0,0,0,0,1490,293523,3288,428884,,,,
1416391212.33088,pg_catalog,pg_user_mapping,0,0,0,0,0,0,0,0,0,0,0,0,0,0,,,,
1416391212.33088,pg_toast,pg_toast_12315,0,0,0,0,0,0,0,0,0,0,0,0,0,0,,,,
1416391212.33088,pg_catalog,pg_type,0,0,535635,530364,1401,0,1401,0,360,39,3583,533079,5226,1100832,,,,
1416391212.33088,pg_catalog,pg_largeobject,0,0,0,0,0,0,0,0,0,0,0,0,0,0,,,,
1416391212.33088,information_schema,sql_parts,0,0,,,0,0,0,0,0,0,0,0,,,0,0,0,0
1416391212.33088,pg_catalog,pg_ts_config_map,0,0,0,0,0,0,0,0,0,0,0,0,0,0,,,,
1416391212.33088,pg_catalog,pg_largeobject_metadata,0,0,0,0,0,0,0,0,0,0,0,0,0,0,,,,
1416391212.33088,pg_catalog,pg_am,23626,23626,0,0,0,0,0,0,0,0,330,23296,0,0,,,,
1416391212.33088,public,nation,19,200,25818,25818,25,0,0,0,25,0,4,25824,8,25824,,,,
1416391212.33088,pg_catalog,pg_ts_template,0,0,0,0,0,0,0,0,0,0,0,0,0,0,,,,
1416391212.33088,pg_catalog,pg_foreign_server,0,0,0,0,0,0,0,0,0,0,0,0,0,0,,,,
1416391212.33088,pg_catalog,pg_namespace,1012,85960,128977,106581,2,0,0,0,2,0,536,108072,1533,151608,,,,
1416391212.33088,pg_toast,pg_toast_2619,0,0,93600,313226,3902,0,3664,0,261,16,30875,123352,1361,148329,,,,
1416391212.33088,public,orders,12,90030000,5170744,5170744,15015000,0,0,0,15015000,0,1424769,6317166,85156,15590920,,,,
1416391212.33088,pg_catalog,pg_authid,572,572,45113,45113,0,0,0,0,0,0,284,45401,1306,88920,,,,
1416391212.33088,pg_catalog,pg_default_acl,0,0,2828,0,0,0,0,0,0,0,0,0,296,2532,,,,
1416391212.33088,public,region,6448,32215,14,14,5,0,0,0,5,0,3,6456,6,13,,,,
1416391212.33088,pg_catalog,pg_shdepend,0,0,3862,709,0,0,0,0,0,0,328,381,1251,4025,,,,
1416391212.33088,pg_catalog,pg_constraint,0,0,208,104,104,0,104,0,10,8,57,589,104,1048,0,0,0,0
1416391212.33088,information_schema,sql_implementation_info,0,0,,,0,0,0,0,0,0,0,0,,,0,0,0,0
1416391212.33088,pg_catalog,pg_index,3548,326157,252067,358334,556,0,556,0,143,0,3086,362953,1687,288485,,,,
1416391212.33088,pg_catalog,pg_ts_dict,0,0,0,0,0,0,0,0,0,0,0,0,0,0,,,,
1416391212.33088,pg_toast,pg_toast_2604,0,0,0,0,0,0,0,0,0,0,0,0,0,0,,,,
1416391212.33088,pg_toast,pg_toast_12325,0,0,0,0,0,0,0,0,0,0,0,0,0,0,,,,
1416391212.33088,information_schema,sql_sizing,0,0,,,0,0,0,0,0,0,0,0,,,0,0,0,0
1416391212.33088,pg_catalog,pg_proc,0,0,200347,296696,0,0,0,0,0,0,17268,199509,8332,435190,0,0,0,0
1416391272.33308,pg_catalog,pg_attrdef,0,0,0,0,0,0,0,0,0,0,0,0,0,0,0,0,0,0
1416391272.33308,pg_catalog,pg_db_role_setting,0,0,94968,0,0,0,0,0,0,0,0,0,284,94684,0,0,0,0
1416391272.33308,pg_catalog,pg_rowsecurity,0,0,0,0,0,0,0,0,0,0,0,0,0,0,,,,
1416391272.33308,pg_catalog,pg_description,0,0,3157,0,0,0,0,0,0,0,0,0,886,6136,0,0,0,0
1416391272.33308,pg_catalog,pg_foreign_data_wrapper,0,0,0,0,0,0,0,0,0,0,0,0,0,0,,,,
1416391272.33308,pg_catalog,pg_conversion,0,0,0,0,0,0,0,0,0,0,0,0,0,0,,,,
1416391272.33308,pg_catalog,pg_class,7285,1578302,565204,516485,1264,386,1264,375,337,78,7131,594218,5093,1182159,,,,
1416391272.33308,pg_catalog,pg_opfamily,0,0,0,0,0,0,0,0,0,0,0,0,0,0,,,,
1416391272.33308,pg_catalog,pg_auth_members,0,0,0,0,0,0,0,0,0,0,0,0,0,0,,,,
1416391272.33308,pg_catalog,pg_operator,0,0,173156,907929,0,0,0,0,0,0,4816,627971,4238,375519,,,,
1416391272.33308,pg_toast,pg_toast_12345,0,0,0,0,0,0,0,0,0,0,0,0,0,0,,,,
1416391272.33308,pg_catalog,pg_attribute,1936,13200,462776,1042049,4622,130,4622,130,2514,358,18060,513599,4223,967174,,,,
1416391272.33308,public,lineitem,16,720011475,2549569,70691014,60045669,0,0,0,60045928,0,11675792,26727421,661813,11181145,,,,
1416391272.33308,public,part,10,16000000,62,2357044,2000000,0,0,0,2000000,0,190355,409567,6647,191,,,,
1416391272.33308,pg_catalog,pg_tablespace,0,0,16135,16135,0,0,0,0,0,0,469,15666,976,31370,,,,
1416391272.33308,pg_catalog,pg_statistic,0,0,127180,122189,1047,2869,1050,2722,464,82,12833,117973,1476,271865,30913,123393,1361,148442
1416391272.33308,pg_catalog,pg_aggregate,0,0,12044,12044,0,0,0,0,0,0,894,11150,2032,18968,,,,
1416391272.33308,pg_catalog,pg_inherits,0,0,708,0,0,0,0,0,0,0,0,0,308,400,,,,
1416391272.33308,pg_catalog,pg_enum,0,0,0,0,0,0,0,0,0,0,0,0,0,0,,,,
1416391272.33308,pg_toast,pg_toast_2396,0,0,0,0,0,0,0,0,0,0,0,0,0,0,,,,
1416391272.33308,pg_catalog,pg_pltemplate,0,0,0,0,0,0,0,0,0,0,0,0,0,0,,,,
1416391272.33308,pg_toast,pg_toast_2618,0,0,2421,7732,0,0,0,0,0,0,1414,1552,417,3487,,,,
1416391272.33308,pg_toast,pg_toast_3596,0,0,0,0,0,0,0,0,0,0,0,0,0,0,,,,
1416391272.33308,pg_toast,pg_toast_2606,0,0,0,0,0,0,0,0,0,0,0,0,0,0,,,,
1416391272.33308,pg_toast,pg_toast_2964,0,0,0,0,0,0,0,0,0,0,0,0,0,0,,,,
1416391272.33308,pg_toast,pg_toast_12330,0,0,0,0,0,0,0,0,0,0,0,0,0,0,,,,
1416391272.33308,pg_catalog,pg_database,1758,6720,77232,77232,0,0,0,0,0,0,201,78789,1270,123394,,,,
1416391272.33308,information_schema,sql_sizing_profiles,0,0,,,0,0,0,0,0,0,0,0,,,0,0,0,0
1416391272.33308,pg_toast,pg_toast_2620,0,0,0,0,0,0,0,0,0,0,0,0,0,0,,,,
1416391272.33308,pg_catalog,pg_depend,0,0,29473,31700,5412,0,5412,0,6685,1396,5346,37945,7494,76568,,,,
1416391272.33308,pg_catalog,pg_language,0,0,0,0,0,0,0,0,0,0,0,0,0,0,,,,
1416391272.33308,public,supplier,9,500000,3306796,3333612,100000,0,0,0,100000,0,8660,3325992,642,6630220,,,,
1416391272.33308,pg_toast,pg_toast_12320,0,0,0,0,0,0,0,0,0,0,0,0,0,0,,,,
1416391272.33308,pg_catalog,pg_amproc,352,704,99027,155821,0,0,0,0,0,0,486,97392,887,220261,,,,
1416391272.33308,public,time_statistics,18,188,,,20,18,0,18,20,18,3,53,,,,,,
1416391272.33308,pg_catalog,pg_collation,0,0,0,0,0,0,0,0,0,0,0,0,0,0,,,,
1416391272.33308,pg_catalog,pg_range,0,0,5408,0,0,0,0,0,0,0,0,0,2164,8652,,,,
1416391272.33308,pg_toast,pg_toast_2609,0,0,0,0,0,0,0,0,0,0,0,0,0,0,,,,
1416391272.33308,pg_catalog,pg_opclass,352,352,136377,1536014,0,0,0,0,0,0,1058,609059,2170,166902,,,,
1416391272.33308,information_schema,sql_packages,0,0,,,0,0,0,0,0,0,0,0,,,0,0,0,0
1416391272.33308,pg_catalog,pg_rewrite,0,0,5675,4517,386,0,386,0,110,56,2806,4958,1293,8387,1414,1552,834,6974
1416391272.33308,pg_toast,pg_toast_1255,0,0,0,0,0,0,0,0,0,0,0,0,0,0,,,,
1416391272.33308,pg_catalog,pg_seclabel,0,0,3157,0,0,0,0,0,0,0,0,0,289,2868,0,0,0,0
1416391272.33308,pg_toast,pg_toast_12335,0,0,0,0,0,0,0,0,0,0,0,0,0,0,,,,
1416391272.33308,pg_catalog,pg_ts_parser,0,0,0,0,0,0,0,0,0,0,0,0,0,0,,,,
1416391272.33308,pg_catalog,pg_trigger,0,0,0,0,0,0,0,0,0,0,0,0,0,0,0,0,0,0
1416391272.33308,pg_toast,pg_toast_12340,0,0,0,0,0,0,0,0,0,0,0,0,0,0,,,,
1416391272.33308,pg_catalog,pg_shseclabel,0,0,0,0,0,0,0,0,0,0,0,0,0,0,,,,
1416391272.33308,pg_catalog,pg_event_trigger,0,0,1202,0,0,0,0,0,0,0,0,0,329,873,,,,
1416391272.33308,information_schema,sql_features,0,0,,,0,0,0,0,0,0,0,0,,,0,0,0,0
1416391272.33308,information_schema,sql_languages,0,0,,,0,0,0,0,0,0,0,0,,,0,0,0,0
1416391272.33308,public,partsupp,7,40000000,56194,2344164,8000000,0,0,0,8000000,0,856348,3043343,38541,136839,,,,
1416391272.33308,pg_catalog,pg_foreign_table,0,0,0,0,0,0,0,0,0,0,0,0,0,0,,,,
1416391272.33308,pg_catalog,pg_extension,0,0,0,0,0,0,0,0,0,0,0,0,0,0,,,,
1416391272.33308,public,customer,12,12000000,64,1172282,1500000,0,0,0,1500000,0,126206,558829,3595,193,,,,
1416391272.33308,pg_catalog,pg_ts_config,0,0,0,0,0,0,0,0,0,0,0,0,0,0,,,,
1416391272.33308,pg_catalog,pg_shdescription,0,0,0,0,0,0,0,0,0,0,0,0,0,0,0,0,0,0
1416391272.33308,pg_catalog,pg_cast,0,0,757047,179817,0,0,0,0,0,0,1014,178803,623,778180,,,,
1416391272.33308,pg_catalog,pg_amop,0,0,202879,295242,0,0,0,0,0,0,1490,293752,3289,429219,,,,
1416391272.33308,pg_catalog,pg_user_mapping,0,0,0,0,0,0,0,0,0,0,0,0,0,0,,,,
1416391272.33308,pg_toast,pg_toast_12315,0,0,0,0,0,0,0,0,0,0,0,0,0,0,,,,
1416391272.33308,pg_catalog,pg_type,0,0,536161,530883,1403,0,1403,0,360,41,3588,533602,5229,1101916,,,,
1416391272.33308,pg_catalog,pg_largeobject,0,0,0,0,0,0,0,0,0,0,0,0,0,0,,,,
1416391272.33308,information_schema,sql_parts,0,0,,,0,0,0,0,0,0,0,0,,,0,0,0,0
1416391272.33308,pg_catalog,pg_ts_config_map,0,0,0,0,0,0,0,0,0,0,0,0,0,0,,,,
1416391272.33308,pg_catalog,pg_largeobject_metadata,0,0,0,0,0,0,0,0,0,0,0,0,0,0,,,,
1416391272.33308,pg_catalog,pg_am,23650,23650,0,0,0,0,0,0,0,0,330,23320,0,0,,,,
1416391272.33308,public,nation,21,250,25822,25822,25,0,0,0,25,0,5,25829,10,25827,,,,
1416391272.33308,pg_catalog,pg_ts_template,0,0,0,0,0,0,0,0,0,0,0,0,0,0,,,,
1416391272.33308,pg_catalog,pg_foreign_server,0,0,0,0,0,0,0,0,0,0,0,0,0,0,,,,
1416391272.33308,pg_catalog,pg_namespace,1014,86132,129186,106767,2,0,0,0,2,0,536,108262,1533,151843,,,,
1416391272.33308,pg_toast,pg_toast_2619,0,0,93652,313405,3902,0,3664,0,261,16,30913,123393,1361,148442,,,,
1416391272.33308,public,orders,14,120060000,5170749,5745235,15015000,0,0,0,15015000,0,1424769,7052728,86727,15590941,,,,
1416391272.33308,pg_catalog,pg_authid,573,573,45159,45159,0,0,0,0,0,0,284,45448,1306,89012,,,,
1416391272.33308,pg_catalog,pg_default_acl,0,0,2832,0,0,0,0,0,0,0,0,0,297,2535,,,,
1416391272.33308,public,region,6448,32215,14,14,5,0,0,0,5,0,3,6456,6,13,,,,
1416391272.33308,pg_catalog,pg_shdepend,0,0,3867,710,0,0,0,0,0,0,329,381,1255,4028,,,,
1416391272.33308,pg_catalog,pg_constraint,0,0,208,104,104,0,104,0,10,8,57,589,104,1048,0,0,0,0
1416391272.33308,information_schema,sql_implementation_info,0,0,,,0,0,0,0,0,0,0,0,,,0,0,0,0
1416391272.33308,pg_catalog,pg_index,3553,326872,252238,358571,556,0,556,0,143,0,3086,363207,1687,288691,,,,
1416391272.33308,pg_catalog,pg_ts_dict,0,0,0,0,0,0,0,0,0,0,0,0,0,0,,,,
1416391272.33308,pg_toast,pg_toast_2604,0,0,0,0,0,0,0,0,0,0,0,0,0,0,,,,
1416391272.33308,pg_toast,pg_toast_12325,0,0,0,0,0,0,0,0,0,0,0,0,0,0,,,,
1416391272.33308,information_schema,sql_sizing,0,0,,,0,0,0,0,0,0,0,0,,,0,0,0,0
1416391272.33308,pg_catalog,pg_proc,0,0,200549,296993,0,0,0,0,0,0,17274,199729,8335,435637,0,0,0,0
1416391332.33527,pg_catalog,pg_attrdef,0,0,0,0,0,0,0,0,0,0,0,0,0,0,0,0,0,0
1416391332.33527,pg_catalog,pg_db_role_setting,0,0,94996,0,0,0,0,0,0,0,0,0,284,94712,0,0,0,0
1416391332.33527,pg_catalog,pg_rowsecurity,0,0,0,0,0,0,0,0,0,0,0,0,0,0,,,,
1416391332.33527,pg_catalog,pg_description,0,0,3157,0,0,0,0,0,0,0,0,0,886,6136,0,0,0,0
1416391332.33527,pg_catalog,pg_foreign_data_wrapper,0,0,0,0,0,0,0,0,0,0,0,0,0,0,,,,
1416391332.33527,pg_catalog,pg_conversion,0,0,0,0,0,0,0,0,0,0,0,0,0,0,,,,
1416391332.33527,pg_catalog,pg_class,7295,1581352,565561,516842,1264,386,1264,375,337,78,7132,594706,5095,1182887,,,,
1416391332.33527,pg_catalog,pg_opfamily,0,0,0,0,0,0,0,0,0,0,0,0,0,0,,,,
1416391332.33527,pg_catalog,pg_auth_members,0,0,0,0,0,0,0,0,0,0,0,0,0,0,,,,
1416391332.33527,pg_catalog,pg_operator,0,0,173173,907946,0,0,0,0,0,0,4816,627988,4238,375561,,,,
1416391332.33527,pg_toast,pg_toast_12345,0,0,0,0,0,0,0,0,0,0,0,0,0,0,,,,
1416391332.33527,pg_catalog,pg_attribute,1936,13200,462986,1042401,4622,130,4622,130,2514,358,18070,513807,4225,967600,,,,
1416391332.33527,public,lineitem,16,720011475,2549569,70691014,60045669,0,0,0,60045928,0,11675792,26727421,661813,11181145,,,,
1416391332.33527,public,part,10,16000000,62,2357044,2000000,0,0,0,2000000,0,190355,409567,6647,191,,,,
1416391332.33527,pg_catalog,pg_tablespace,0,0,16140,16140,0,0,0,0,0,0,469,15671,976,31380,,,,
1416391332.33527,pg_catalog,pg_statistic,0,0,127205,122208,1047,2869,1050,2722,464,82,12842,117983,1478,271918,30914,123395,1361,148451
1416391332.33527,pg_catalog,pg_aggregate,0,0,12045,12045,0,0,0,0,0,0,894,11151,2032,18970,,,,
1416391332.33527,pg_catalog,pg_inherits,0,0,708,0,0,0,0,0,0,0,0,0,308,400,,,,
1416391332.33527,pg_catalog,pg_enum,0,0,0,0,0,0,0,0,0,0,0,0,0,0,,,,
1416391332.33527,pg_toast,pg_toast_2396,0,0,0,0,0,0,0,0,0,0,0,0,0,0,,,,
1416391332.33527,pg_catalog,pg_pltemplate,0,0,0,0,0,0,0,0,0,0,0,0,0,0,,,,
1416391332.33527,pg_toast,pg_toast_2618,0,0,2426,7748,0,0,0,0,0,0,1419,1553,419,3493,,,,
1416391332.33527,pg_toast,pg_toast_3596,0,0,0,0,0,0,0,0,0,0,0,0,0,0,,,,
1416391332.33527,pg_toast,pg_toast_2606,0,0,0,0,0,0,0,0,0,0,0,0,0,0,,,,
1416391332.33527,pg_toast,pg_toast_2964,0,0,0,0,0,0,0,0,0,0,0,0,0,0,,,,
1416391332.33527,pg_toast,pg_toast_12330,0,0,0,0,0,0,0,0,0,0,0,0,0,0,,,,
1416391332.33527,pg_catalog,pg_database,1761,6732,77261,77261,0,0,0,0,0,0,201,78821,1270,123437,,,,
1416391332.33527,information_schema,sql_sizing_profiles,0,0,,,0,0,0,0,0,0,0,0,,,0,0,0,0
1416391332.33527,pg_toast,pg_toast_2620,0,0,0,0,0,0,0,0,0,0,0,0,0,0,,,,
1416391332.33527,pg_catalog,pg_depend,0,0,29473,31700,5412,0,5412,0,5786,0,5364,37960,7582,76678,,,,
1416391332.33527,pg_catalog,pg_language,0,0,0,0,0,0,0,0,0,0,0,0,0,0,,,,
1416391332.33527,public,supplier,9,500000,3306796,3333612,100000,0,0,0,100000,0,8660,3325992,642,6630220,,,,
1416391332.33527,pg_toast,pg_toast_12320,0,0,0,0,0,0,0,0,0,0,0,0,0,0,,,,
1416391332.33527,pg_catalog,pg_amproc,352,704,99045,155850,0,0,0,0,0,0,486,97410,887,220303,,,,
1416391332.33527,public,time_statistics,18,188,,,20,18,0,18,20,18,3,53,,,,,,
1416391332.33527,pg_catalog,pg_collation,0,0,0,0,0,0,0,0,0,0,0,0,0,0,,,,
1416391332.33527,pg_catalog,pg_range,0,0,5408,0,0,0,0,0,0,0,0,0,2164,8652,,,,
1416391332.33527,pg_toast,pg_toast_2609,0,0,0,0,0,0,0,0,0,0,0,0,0,0,,,,
1416391332.33527,pg_catalog,pg_opclass,352,352,136396,1536200,0,0,0,0,0,0,1058,609130,2170,166930,,,,
1416391332.33527,information_schema,sql_packages,0,0,,,0,0,0,0,0,0,0,0,,,0,0,0,0
1416391332.33527,pg_catalog,pg_rewrite,0,0,5682,4524,386,0,386,0,110,56,2811,4960,1293,8399,1419,1553,838,6986
1416391332.33527,pg_toast,pg_toast_1255,0,0,0,0,0,0,0,0,0,0,0,0,0,0,,,,
1416391332.33527,pg_catalog,pg_seclabel,0,0,3157,0,0,0,0,0,0,0,0,0,289,2868,0,0,0,0
1416391332.33527,pg_toast,pg_toast_12335,0,0,0,0,0,0,0,0,0,0,0,0,0,0,,,,
1416391332.33527,pg_catalog,pg_ts_parser,0,0,0,0,0,0,0,0,0,0,0,0,0,0,,,,
1416391332.33527,pg_catalog,pg_trigger,0,0,0,0,0,0,0,0,0,0,0,0,0,0,0,0,0,0
1416391332.33527,pg_toast,pg_toast_12340,0,0,0,0,0,0,0,0,0,0,0,0,0,0,,,,
1416391332.33527,pg_catalog,pg_shseclabel,0,0,0,0,0,0,0,0,0,0,0,0,0,0,,,,
1416391332.33527,pg_catalog,pg_event_trigger,0,0,1202,0,0,0,0,0,0,0,0,0,329,873,,,,
1416391332.33527,information_schema,sql_features,0,0,,,0,0,0,0,0,0,0,0,,,0,0,0,0
1416391332.33527,information_schema,sql_languages,0,0,,,0,0,0,0,0,0,0,0,,,0,0,0,0
1416391332.33527,public,partsupp,7,40000000,56194,2344164,8000000,0,0,0,8000000,0,856348,3043343,38541,136839,,,,
1416391332.33527,pg_catalog,pg_foreign_table,0,0,0,0,0,0,0,0,0,0,0,0,0,0,,,,
1416391332.33527,pg_catalog,pg_extension,0,0,0,0,0,0,0,0,0,0,0,0,0,0,,,,
1416391332.33527,public,customer,12,12000000,64,1172282,1500000,0,0,0,1500000,0,126206,558829,3595,193,,,,
1416391332.33527,pg_catalog,pg_ts_config,0,0,0,0,0,0,0,0,0,0,0,0,0,0,,,,
1416391332.33527,pg_catalog,pg_shdescription,0,0,0,0,0,0,0,0,0,0,0,0,0,0,0,0,0,0
1416391332.33527,pg_catalog,pg_cast,0,0,757116,179845,0,0,0,0,0,0,1014,178831,623,778254,,,,
1416391332.33527,pg_catalog,pg_amop,0,0,202912,295283,0,0,0,0,0,0,1490,293793,3289,429293,,,,
1416391332.33527,pg_catalog,pg_user_mapping,0,0,0,0,0,0,0,0,0,0,0,0,0,0,,,,
1416391332.33527,pg_toast,pg_toast_12315,0,0,0,0,0,0,0,0,0,0,0,0,0,0,,,,
1416391332.33527,pg_catalog,pg_type,0,0,536253,530975,1403,0,1403,0,360,41,3588,533694,5229,1102105,,,,
1416391332.33527,pg_catalog,pg_largeobject,0,0,0,0,0,0,0,0,0,0,0,0,0,0,,,,
1416391332.33527,information_schema,sql_parts,0,0,,,0,0,0,0,0,0,0,0,,,0,0,0,0
1416391332.33527,pg_catalog,pg_ts_config_map,0,0,0,0,0,0,0,0,0,0,0,0,0,0,,,,
1416391332.33527,pg_catalog,pg_largeobject_metadata,0,0,0,0,0,0,0,0,0,0,0,0,0,0,,,,
1416391332.33527,pg_catalog,pg_am,23656,23656,0,0,0,0,0,0,0,0,330,23326,0,0,,,,
1416391332.33527,public,nation,21,250,25822,25822,25,0,0,0,25,0,5,25829,10,25827,,,,
1416391332.33527,pg_catalog,pg_ts_template,0,0,0,0,0,0,0,0,0,0,0,0,0,0,,,,
1416391332.33527,pg_catalog,pg_foreign_server,0,0,0,0,0,0,0,0,0,0,0,0,0,0,,,,
1416391332.33527,pg_catalog,pg_namespace,1016,86304,129345,106921,2,0,0,0,2,0,537,108419,1534,152009,,,,
1416391332.33527,pg_toast,pg_toast_2619,0,0,93655,313411,3902,0,3664,0,261,16,30914,123395,1361,148451,,,,
1416391332.33527,public,orders,14,120060000,5170749,5745235,15015000,0,0,0,15015000,0,1424769,7052728,86727,15590941,,,,
1416391332.33527,pg_catalog,pg_authid,574,574,45170,45170,0,0,0,0,0,0,284,45460,1306,89034,,,,
1416391332.33527,pg_catalog,pg_default_acl,0,0,2832,0,0,0,0,0,0,0,0,0,297,2535,,,,
1416391332.33527,public,region,6448,32215,14,14,5,0,0,0,5,0,3,6456,6,13,,,,
1416391332.33527,pg_catalog,pg_shdepend,0,0,3867,710,0,0,0,0,0,0,329,381,1255,4028,,,,
1416391332.33527,pg_catalog,pg_constraint,0,0,208,104,104,0,104,0,10,8,57,589,104,1048,0,0,0,0
1416391332.33527,information_schema,sql_implementation_info,0,0,,,0,0,0,0,0,0,0,0,,,0,0,0,0
1416391332.33527,pg_catalog,pg_index,3558,327587,252286,358633,556,0,556,0,143,0,3086,363290,1687,288751,,,,
1416391332.33527,pg_catalog,pg_ts_dict,0,0,0,0,0,0,0,0,0,0,0,0,0,0,,,,
1416391332.33527,pg_toast,pg_toast_2604,0,0,0,0,0,0,0,0,0,0,0,0,0,0,,,,
1416391332.33527,pg_toast,pg_toast_12325,0,0,0,0,0,0,0,0,0,0,0,0,0,0,,,,
1416391332.33527,information_schema,sql_sizing,0,0,,,0,0,0,0,0,0,0,0,,,0,0,0,0
1416391332.33527,pg_catalog,pg_proc,0,0,200627,297106,0,0,0,0,0,0,17280,199821,8337,435801,0,0,0,0
1416391392.33615,pg_catalog,pg_attrdef,0,0,0,0,0,0,0,0,0,0,0,0,0,0,0,0,0,0
1416391392.33615,pg_catalog,pg_db_role_setting,0,0,95072,0,0,0,0,0,0,0,0,0,284,94788,0,0,0,0
1416391392.33615,pg_catalog,pg_rowsecurity,0,0,0,0,0,0,0,0,0,0,0,0,0,0,,,,
1416391392.33615,pg_catalog,pg_description,0,0,3157,0,0,0,0,0,0,0,0,0,886,6136,0,0,0,0
1416391392.33615,pg_catalog,pg_foreign_data_wrapper,0,0,0,0,0,0,0,0,0,0,0,0,0,0,,,,
1416391392.33615,pg_catalog,pg_conversion,0,0,0,0,0,0,0,0,0,0,0,0,0,0,,,,
1416391392.33615,pg_catalog,pg_class,7306,1584739,566107,517367,1264,386,1264,375,337,78,7132,595375,5096,1184021,,,,
1416391392.33615,pg_catalog,pg_opfamily,0,0,0,0,0,0,0,0,0,0,0,0,0,0,,,,
1416391392.33615,pg_catalog,pg_auth_members,0,0,0,0,0,0,0,0,0,0,0,0,0,0,,,,
1416391392.33615,pg_catalog,pg_operator,0,0,173284,908615,0,0,0,0,0,0,4816,628445,4240,375808,,,,
1416391392.33615,pg_toast,pg_toast_12345,0,0,0,0,0,0,0,0,0,0,0,0,0,0,,,,
1416391392.33615,pg_catalog,pg_attribute,1936,13200,463390,1043189,4622,130,4622,130,2514,358,18075,514225,4225,968430,,,,
1416391392.33615,public,lineitem,17,780057144,3016532,87365244,60045669,0,0,0,60045928,0,12930630,28146369,864908,12894303,,,,
1416391392.33615,public,part,10,16000000,78,2367380,2000000,0,0,0,2000000,0,199527,409568,7921,751,,,,
1416391392.33615,pg_catalog,pg_tablespace,0,0,16153,16153,0,0,0,0,0,0,469,15684,976,31406,,,,
1416391392.33615,pg_catalog,pg_statistic,0,0,127303,122286,1047,2869,1050,2722,464,82,12850,118053,1478,272129,30939,123438,1361,148545
1416391392.33615,pg_catalog,pg_aggregate,0,0,12053,12053,0,0,0,0,0,0,894,11159,2032,18983,,,,
1416391392.33615,pg_catalog,pg_inherits,0,0,708,0,0,0,0,0,0,0,0,0,308,400,,,,
1416391392.33615,pg_catalog,pg_enum,0,0,0,0,0,0,0,0,0,0,0,0,0,0,,,,
1416391392.33615,pg_toast,pg_toast_2396,0,0,0,0,0,0,0,0,0,0,0,0,0,0,,,,
1416391392.33615,pg_catalog,pg_pltemplate,0,0,0,0,0,0,0,0,0,0,0,0,0,0,,,,
1416391392.33615,pg_toast,pg_toast_2618,0,0,2432,7766,0,0,0,0,0,0,1420,1559,419,3503,,,,
1416391392.33615,pg_toast,pg_toast_3596,0,0,0,0,0,0,0,0,0,0,0,0,0,0,,,,
1416391392.33615,pg_toast,pg_toast_2606,0,0,0,0,0,0,0,0,0,0,0,0,0,0,,,,
1416391392.33615,pg_toast,pg_toast_2964,0,0,0,0,0,0,0,0,0,0,0,0,0,0,,,,
1416391392.33615,pg_toast,pg_toast_12330,0,0,0,0,0,0,0,0,0,0,0,0,0,0,,,,
1416391392.33615,pg_catalog,pg_database,1764,6744,77325,77325,0,0,0,0,0,0,201,78888,1270,123539,,,,
1416391392.33615,information_schema,sql_sizing_profiles,0,0,,,0,0,0,0,0,0,0,0,,,0,0,0,0
1416391392.33615,pg_toast,pg_toast_2620,0,0,0,0,0,0,0,0,0,0,0,0,0,0,,,,
1416391392.33615,pg_catalog,pg_depend,0,0,29473,31700,5412,0,5412,0,5786,0,5364,37960,7582,76678,,,,
1416391392.33615,pg_catalog,pg_language,0,0,0,0,0,0,0,0,0,0,0,0,0,0,,,,
1416391392.33615,public,supplier,10,600000,3306800,3333616,100000,0,0,0,100000,0,10804,3326031,646,6630227,,,,
1416391392.33615,pg_toast,pg_toast_12320,0,0,0,0,0,0,0,0,0,0,0,0,0,0,,,,
1416391392.33615,pg_catalog,pg_amproc,352,704,99113,155956,0,0,0,0,0,0,486,97477,887,220457,,,,
1416391392.33615,public,time_statistics,22,274,,,24,22,0,22,24,22,3,65,,,,,,
1416391392.33615,pg_catalog,pg_collation,0,0,0,0,0,0,0,0,0,0,0,0,0,0,,,,
1416391392.33615,pg_catalog,pg_range,0,0,5412,0,0,0,0,0,0,0,0,0,2164,8660,,,,
1416391392.33615,pg_toast,pg_toast_2609,0,0,0,0,0,0,0,0,0,0,0,0,0,0,,,,
1416391392.33615,pg_catalog,pg_opclass,352,352,136485,1537228,0,0,0,0,0,0,1058,609535,2170,167045,,,,
1416391392.33615,information_schema,sql_packages,0,0,,,0,0,0,0,0,0,0,0,,,0,0,0,0
1416391392.33615,pg_catalog,pg_rewrite,0,0,5691,4533,386,0,386,0,110,56,2811,4969,1293,8415,1420,1559,838,7006
1416391392.33615,pg_toast,pg_toast_1255,0,0,0,0,0,0,0,0,0,0,0,0,0,0,,,,
1416391392.33615,pg_catalog,pg_seclabel,0,0,3157,0,0,0,0,0,0,0,0,0,289,2868,0,0,0,0
1416391392.33615,pg_toast,pg_toast_12335,0,0,0,0,0,0,0,0,0,0,0,0,0,0,,,,
1416391392.33615,pg_catalog,pg_ts_parser,0,0,0,0,0,0,0,0,0,0,0,0,0,0,,,,
1416391392.33615,pg_catalog,pg_trigger,0,0,0,0,0,0,0,0,0,0,0,0,0,0,0,0,0,0
1416391392.33615,pg_toast,pg_toast_12340,0,0,0,0,0,0,0,0,0,0,0,0,0,0,,,,
1416391392.33615,pg_catalog,pg_shseclabel,0,0,0,0,0,0,0,0,0,0,0,0,0,0,,,,
1416391392.33615,pg_catalog,pg_event_trigger,0,0,1202,0,0,0,0,0,0,0,0,0,329,873,,,,
1416391392.33615,information_schema,sql_features,0,0,,,0,0,0,0,0,0,0,0,,,0,0,0,0
1416391392.33615,information_schema,sql_languages,0,0,,,0,0,0,0,0,0,0,0,,,0,0,0,0
1416391392.33615,public,partsupp,7,40000000,56194,2344164,8000000,0,0,0,8000000,0,856348,3043343,38541,136839,,,,
1416391392.33615,pg_catalog,pg_foreign_table,0,0,0,0,0,0,0,0,0,0,0,0,0,0,,,,
1416391392.33615,pg_catalog,pg_extension,0,0,0,0,0,0,0,0,0,0,0,0,0,0,,,,
1416391392.33615,public,customer,13,13500000,77,1473253,1500000,0,0,0,1500000,0,196758,668899,4442,218,,,,
1416391392.33615,pg_catalog,pg_ts_config,0,0,0,0,0,0,0,0,0,0,0,0,0,0,,,,
1416391392.33615,pg_catalog,pg_shdescription,0,0,0,0,0,0,0,0,0,0,0,0,0,0,0,0,0,0
1416391392.33615,pg_catalog,pg_cast,0,0,757651,179970,0,0,0,0,0,0,1014,178956,623,778808,,,,
1416391392.33615,pg_catalog,pg_amop,0,0,203057,295492,0,0,0,0,0,0,1490,294002,3291,429605,,,,
1416391392.33615,pg_catalog,pg_user_mapping,0,0,0,0,0,0,0,0,0,0,0,0,0,0,,,,
1416391392.33615,pg_toast,pg_toast_12315,0,0,0,0,0,0,0,0,0,0,0,0,0,0,,,,
1416391392.33615,pg_catalog,pg_type,0,0,536701,531423,1403,0,1403,0,360,41,3588,534142,5230,1103022,,,,
1416391392.33615,pg_catalog,pg_largeobject,0,0,0,0,0,0,0,0,0,0,0,0,0,0,,,,
1416391392.33615,information_schema,sql_parts,0,0,,,0,0,0,0,0,0,0,0,,,0,0,0,0
1416391392.33615,pg_catalog,pg_ts_config_map,0,0,0,0,0,0,0,0,0,0,0,0,0,0,,,,
1416391392.33615,pg_catalog,pg_largeobject_metadata,0,0,0,0,0,0,0,0,0,0,0,0,0,0,,,,
1416391392.33615,pg_catalog,pg_am,23674,23674,0,0,0,0,0,0,0,0,330,23344,0,0,,,,
1416391392.33615,public,nation,22,275,25833,25857,25,0,0,0,25,0,5,25841,12,25838,,,,
1416391392.33615,pg_catalog,pg_ts_template,0,0,0,0,0,0,0,0,0,0,0,0,0,0,,,,
1416391392.33615,pg_catalog,pg_foreign_server,0,0,0,0,0,0,0,0,0,0,0,0,0,0,,,,
1416391392.33615,pg_catalog,pg_namespace,1018,86476,129544,107101,2,0,0,0,2,0,537,108603,1534,152229,,,,
1416391392.33615,pg_toast,pg_toast_2619,0,0,93698,313561,3902,0,3664,0,261,16,30939,123438,1361,148545,,,,
1416391392.33615,public,orders,14,120060000,5170757,8598459,15015000,0,0,0,15015000,0,1848580,7110985,94533,15590952,,,,
1416391392.33615,pg_catalog,pg_authid,575,575,45204,45204,0,0,0,0,0,0,284,45495,1306,89102,,,,
1416391392.33615,pg_catalog,pg_default_acl,0,0,2832,0,0,0,0,0,0,0,0,0,297,2535,,,,
1416391392.33615,public,region,6449,32220,16,16,5,0,0,0,5,0,4,6458,8,14,,,,
1416391392.33615,pg_catalog,pg_shdepend,0,0,3867,710,0,0,0,0,0,0,329,381,1255,4028,,,,
1416391392.33615,pg_catalog,pg_constraint,0,0,208,104,104,0,104,0,10,8,57,589,104,1048,0,0,0,0
1416391392.33615,information_schema,sql_implementation_info,0,0,,,0,0,0,0,0,0,0,0,,,0,0,0,0
1416391392.33615,pg_catalog,pg_index,3563,328302,252436,358846,556,0,556,0,143,0,3086,363521,1687,288930,,,,
1416391392.33615,pg_catalog,pg_ts_dict,0,0,0,0,0,0,0,0,0,0,0,0,0,0,,,,
1416391392.33615,pg_toast,pg_toast_2604,0,0,0,0,0,0,0,0,0,0,0,0,0,0,,,,
1416391392.33615,pg_toast,pg_toast_12325,0,0,0,0,0,0,0,0,0,0,0,0,0,0,,,,
1416391392.33615,information_schema,sql_sizing,0,0,,,0,0,0,0,0,0,0,0,,,0,0,0,0
1416391392.33615,pg_catalog,pg_proc,0,0,200818,297381,0,0,0,0,0,0,17293,200027,8340,436218,0,0,0,0
1416391452.33842,pg_catalog,pg_attrdef,0,0,0,0,0,0,0,0,0,0,0,0,0,0,0,0,0,0
1416391452.33842,pg_catalog,pg_db_role_setting,0,0,95124,0,0,0,0,0,0,0,0,0,284,94840,0,0,0,0
1416391452.33842,pg_catalog,pg_rowsecurity,0,0,0,0,0,0,0,0,0,0,0,0,0,0,,,,
1416391452.33842,pg_catalog,pg_description,0,0,3157,0,0,0,0,0,0,0,0,0,886,6136,0,0,0,0
1416391452.33842,pg_catalog,pg_foreign_data_wrapper,0,0,0,0,0,0,0,0,0,0,0,0,0,0,,,,
1416391452.33842,pg_catalog,pg_conversion,0,0,0,0,0,0,0,0,0,0,0,0,0,0,,,,
1416391452.33842,pg_catalog,pg_class,7315,1587452,566531,517780,1264,386,1264,375,337,78,7133,595905,5096,1184893,,,,
1416391452.33842,pg_catalog,pg_opfamily,0,0,0,0,0,0,0,0,0,0,0,0,0,0,,,,
1416391452.33842,pg_catalog,pg_auth_members,0,0,0,0,0,0,0,0,0,0,0,0,0,0,,,,
1416391452.33842,pg_catalog,pg_operator,0,0,173339,908831,0,0,0,0,0,0,4816,628597,4241,375930,,,,
1416391452.33842,pg_toast,pg_toast_12345,0,0,0,0,0,0,0,0,0,0,0,0,0,0,,,,
1416391452.33842,pg_catalog,pg_attribute,1936,13200,463647,1043651,4622,130,4622,130,2514,358,18075,514494,4225,968955,,,,
1416391452.33842,public,lineitem,17,780057144,4227672,96030999,60045669,0,0,0,60045928,0,14159530,28418891,1115066,17531623,,,,
1416391452.33842,public,part,10,16000000,78,2367380,2000000,0,0,0,2000000,0,199527,409568,7921,751,,,,
1416391452.33842,pg_catalog,pg_tablespace,0,0,16162,16162,0,0,0,0,0,0,469,15693,976,31424,,,,
1416391452.33842,pg_catalog,pg_statistic,0,0,127351,122324,1047,2869,1050,2722,464,82,12852,118089,1478,272232,30943,123464,1361,148597
1416391452.33842,pg_catalog,pg_aggregate,0,0,12056,12056,0,0,0,0,0,0,894,11162,2032,18989,,,,
1416391452.33842,pg_catalog,pg_inherits,0,0,708,0,0,0,0,0,0,0,0,0,308,400,,,,
1416391452.33842,pg_catalog,pg_enum,0,0,0,0,0,0,0,0,0,0,0,0,0,0,,,,
1416391452.33842,pg_toast,pg_toast_2396,0,0,0,0,0,0,0,0,0,0,0,0,0,0,,,,
1416391452.33842,pg_catalog,pg_pltemplate,0,0,0,0,0,0,0,0,0,0,0,0,0,0,,,,
1416391452.33842,pg_toast,pg_toast_2618,0,0,2436,7780,0,0,0,0,0,0,1423,1561,419,3509,,,,
1416391452.33842,pg_toast,pg_toast_3596,0,0,0,0,0,0,0,0,0,0,0,0,0,0,,,,
1416391452.33842,pg_toast,pg_toast_2606,0,0,0,0,0,0,0,0,0,0,0,0,0,0,,,,
1416391452.33842,pg_toast,pg_toast_2964,0,0,0,0,0,0,0,0,0,0,0,0,0,0,,,,
1416391452.33842,pg_toast,pg_toast_12330,0,0,0,0,0,0,0,0,0,0,0,0,0,0,,,,
1416391452.33842,pg_catalog,pg_database,1767,6756,77372,77372,0,0,0,0,0,0,201,78938,1270,123612,,,,
1416391452.33842,information_schema,sql_sizing_profiles,0,0,,,0,0,0,0,0,0,0,0,,,0,0,0,0
1416391452.33842,pg_toast,pg_toast_2620,0,0,0,0,0,0,0,0,0,0,0,0,0,0,,,,
1416391452.33842,pg_catalog,pg_depend,0,0,29473,31700,5412,0,5412,0,5786,0,5364,37960,7582,76678,,,,
1416391452.33842,pg_catalog,pg_language,0,0,0,0,0,0,0,0,0,0,0,0,0,0,,,,
1416391452.33842,public,supplier,11,700000,3306804,3333620,100000,0,0,0,100000,0,10838,3328180,646,6630238,,,,
1416391452.33842,pg_toast,pg_toast_12320,0,0,0,0,0,0,0,0,0,0,0,0,0,0,,,,
1416391452.33842,pg_catalog,pg_amproc,352,704,99148,156009,0,0,0,0,0,0,486,97510,887,220538,,,,
1416391452.33842,public,time_statistics,24,323,,,26,24,0,24,26,24,3,71,,,,,,
1416391452.33842,pg_catalog,pg_collation,0,0,0,0,0,0,0,0,0,0,0,0,0,0,,,,
1416391452.33842,pg_catalog,pg_range,0,0,5414,0,0,0,0,0,0,0,0,0,2166,8662,,,,
1416391452.33842,pg_toast,pg_toast_2609,0,0,0,0,0,0,0,0,0,0,0,0,0,0,,,,
1416391452.33842,pg_catalog,pg_opclass,352,352,136523,1537595,0,0,0,0,0,0,1058,609681,2170,167098,,,,
1416391452.33842,information_schema,sql_packages,0,0,,,0,0,0,0,0,0,0,0,,,0,0,0,0
1416391452.33842,pg_catalog,pg_rewrite,0,0,5696,4538,386,0,386,0,110,56,2814,4971,1293,8423,1423,1561,838,7018
1416391452.33842,pg_toast,pg_toast_1255,0,0,0,0,0,0,0,0,0,0,0,0,0,0,,,,
1416391452.33842,pg_catalog,pg_seclabel,0,0,3157,0,0,0,0,0,0,0,0,0,289,2868,0,0,0,0
1416391452.33842,pg_toast,pg_toast_12335,0,0,0,0,0,0,0,0,0,0,0,0,0,0,,,,
1416391452.33842,pg_catalog,pg_ts_parser,0,0,0,0,0,0,0,0,0,0,0,0,0,0,,,,
1416391452.33842,pg_catalog,pg_trigger,0,0,0,0,0,0,0,0,0,0,0,0,0,0,0,0,0,0
1416391452.33842,pg_toast,pg_toast_12340,0,0,0,0,0,0,0,0,0,0,0,0,0,0,,,,
1416391452.33842,pg_catalog,pg_shseclabel,0,0,0,0,0,0,0,0,0,0,0,0,0,0,,,,
1416391452.33842,pg_catalog,pg_event_trigger,0,0,1202,0,0,0,0,0,0,0,0,0,329,873,,,,
1416391452.33842,information_schema,sql_features,0,0,,,0,0,0,0,0,0,0,0,,,0,0,0,0
1416391452.33842,information_schema,sql_languages,0,0,,,0,0,0,0,0,0,0,0,,,0,0,0,0
1416391452.33842,public,partsupp,7,40000000,56194,2344164,8000000,0,0,0,8000000,0,856348,3043343,38541,136839,,,,
1416391452.33842,pg_catalog,pg_foreign_table,0,0,0,0,0,0,0,0,0,0,0,0,0,0,,,,
1416391452.33842,pg_catalog,pg_extension,0,0,0,0,0,0,0,0,0,0,0,0,0,0,,,,
1416391452.33842,public,customer,14,15000000,81,1473257,1500000,0,0,0,1500000,0,196760,704179,4442,235,,,,
1416391452.33842,pg_catalog,pg_ts_config,0,0,0,0,0,0,0,0,0,0,0,0,0,0,,,,
1416391452.33842,pg_catalog,pg_shdescription,0,0,0,0,0,0,0,0,0,0,0,0,0,0,0,0,0,0
1416391452.33842,pg_catalog,pg_cast,0,0,757832,180016,0,0,0,0,0,0,1014,179002,623,778998,,,,
1416391452.33842,pg_catalog,pg_amop,0,0,203114,295576,0,0,0,0,0,0,1490,294086,3291,429729,,,,
1416391452.33842,pg_catalog,pg_user_mapping,0,0,0,0,0,0,0,0,0,0,0,0,0,0,,,,
1416391452.33842,pg_toast,pg_toast_12315,0,0,0,0,0,0,0,0,0,0,0,0,0,0,,,,
1416391452.33842,pg_catalog,pg_type,0,0,536896,531618,1403,0,1403,0,360,41,3588,534337,5232,1103421,,,,
1416391452.33842,pg_catalog,pg_largeobject,0,0,0,0,0,0,0,0,0,0,0,0,0,0,,,,
1416391452.33842,information_schema,sql_parts,0,0,,,0,0,0,0,0,0,0,0,,,0,0,0,0
1416391452.33842,pg_catalog,pg_ts_config_map,0,0,0,0,0,0,0,0,0,0,0,0,0,0,,,,
1416391452.33842,pg_catalog,pg_largeobject_metadata,0,0,0,0,0,0,0,0,0,0,0,0,0,0,,,,
1416391452.33842,pg_catalog,pg_am,23685,23685,0,0,0,0,0,0,0,0,330,23355,0,0,,,,
1416391452.33842,public,nation,24,325,25841,25865,25,0,0,0,25,0,5,25851,12,25847,,,,
1416391452.33842,pg_catalog,pg_ts_template,0,0,0,0,0,0,0,0,0,0,0,0,0,0,,,,
1416391452.33842,pg_catalog,pg_foreign_server,0,0,0,0,0,0,0,0,0,0,0,0,0,0,,,,
1416391452.33842,pg_catalog,pg_namespace,1020,86648,129714,107262,2,0,0,0,2,0,537,108768,1534,152410,,,,
1416391452.33842,pg_toast,pg_toast_2619,0,0,93722,313631,3902,0,3664,0,261,16,30943,123464,1361,148597,,,,
1416391452.33842,public,orders,16,150090000,5170763,8598465,15015000,0,0,0,15015000,0,1857053,7609562,94536,15590973,,,,
1416391452.33842,pg_catalog,pg_authid,576,576,45226,45226,0,0,0,0,0,0,284,45518,1306,89146,,,,
1416391452.33842,pg_catalog,pg_default_acl,0,0,2832,0,0,0,0,0,0,0,0,0,297,2535,,,,
1416391452.33842,public,region,6449,32220,16,16,5,0,0,0,5,0,4,6458,8,14,,,,
1416391452.33842,pg_catalog,pg_shdepend,0,0,3867,710,0,0,0,0,0,0,329,381,1255,4028,,,,
1416391452.33842,pg_catalog,pg_constraint,0,0,208,104,104,0,104,0,10,8,57,589,104,1048,0,0,0,0
1416391452.33842,information_schema,sql_implementation_info,0,0,,,0,0,0,0,0,0,0,0,,,0,0,0,0
1416391452.33842,pg_catalog,pg_index,3568,329017,252519,358962,556,0,556,0,143,0,3086,363663,1687,289029,,,,
1416391452.33842,pg_catalog,pg_ts_dict,0,0,0,0,0,0,0,0,0,0,0,0,0,0,,,,
1416391452.33842,pg_toast,pg_toast_2604,0,0,0,0,0,0,0,0,0,0,0,0,0,0,,,,
1416391452.33842,pg_toast,pg_toast_12325,0,0,0,0,0,0,0,0,0,0,0,0,0,0,,,,
1416391452.33842,information_schema,sql_sizing,0,0,,,0,0,0,0,0,0,0,0,,,0,0,0,0
1416391452.33842,pg_catalog,pg_proc,0,0,200930,297535,0,0,0,0,0,0,17295,200153,8340,436460,0,0,0,0
